config,seed,episode,frame,episode_reward,avg_reward_10
base_dqn_64x64_buf10k_bs32,0,1,22.0,22.0,22.0
base_dqn_64x64_buf10k_bs32,0,2,56.0,34.0,28.0
base_dqn_64x64_buf10k_bs32,0,3,71.0,15.0,23.666666666666668
base_dqn_64x64_buf10k_bs32,0,4,82.0,11.0,20.5
base_dqn_64x64_buf10k_bs32,0,5,100.0,18.0,20.0
base_dqn_64x64_buf10k_bs32,0,6,120.0,20.0,20.0
base_dqn_64x64_buf10k_bs32,0,7,139.0,19.0,19.857142857142858
base_dqn_64x64_buf10k_bs32,0,8,155.0,16.0,19.375
base_dqn_64x64_buf10k_bs32,0,9,171.0,16.0,19.0
base_dqn_64x64_buf10k_bs32,0,10,194.0,23.0,19.4
base_dqn_64x64_buf10k_bs32,0,11,209.0,15.0,18.7
base_dqn_64x64_buf10k_bs32,0,12,224.0,15.0,16.8
base_dqn_64x64_buf10k_bs32,0,13,234.0,10.0,16.3
base_dqn_64x64_buf10k_bs32,0,14,247.0,13.0,16.5
base_dqn_64x64_buf10k_bs32,0,15,263.0,16.0,16.3
base_dqn_64x64_buf10k_bs32,0,16,278.0,15.0,15.8
base_dqn_64x64_buf10k_bs32,0,17,289.0,11.0,15.0
base_dqn_64x64_buf10k_bs32,0,18,299.0,10.0,14.4
base_dqn_64x64_buf10k_bs32,0,19,323.0,24.0,15.2
base_dqn_64x64_buf10k_bs32,0,20,337.0,14.0,14.3
base_dqn_64x64_buf10k_bs32,0,21,350.0,13.0,14.1
base_dqn_64x64_buf10k_bs32,0,22,368.0,18.0,14.4
base_dqn_64x64_buf10k_bs32,0,23,385.0,17.0,15.1
base_dqn_64x64_buf10k_bs32,0,24,397.0,12.0,15.0
base_dqn_64x64_buf10k_bs32,0,25,414.0,17.0,15.1
base_dqn_64x64_buf10k_bs32,0,26,425.0,11.0,14.7
base_dqn_64x64_buf10k_bs32,0,27,438.0,13.0,14.9
base_dqn_64x64_buf10k_bs32,0,28,451.0,13.0,15.2
base_dqn_64x64_buf10k_bs32,0,29,466.0,15.0,14.3
base_dqn_64x64_buf10k_bs32,0,30,477.0,11.0,14.0
base_dqn_64x64_buf10k_bs32,0,31,487.0,10.0,13.7
base_dqn_64x64_buf10k_bs32,0,32,498.0,11.0,13.0
base_dqn_64x64_buf10k_bs32,0,33,507.0,9.0,12.2
base_dqn_64x64_buf10k_bs32,0,34,524.0,17.0,12.7
base_dqn_64x64_buf10k_bs32,0,35,539.0,15.0,12.5
base_dqn_64x64_buf10k_bs32,0,36,547.0,8.0,12.2
base_dqn_64x64_buf10k_bs32,0,37,555.0,8.0,11.7
base_dqn_64x64_buf10k_bs32,0,38,567.0,12.0,11.6
base_dqn_64x64_buf10k_bs32,0,39,581.0,14.0,11.5
base_dqn_64x64_buf10k_bs32,0,40,593.0,12.0,11.6
base_dqn_64x64_buf10k_bs32,0,41,602.0,9.0,11.5
base_dqn_64x64_buf10k_bs32,0,42,611.0,9.0,11.3
base_dqn_64x64_buf10k_bs32,0,43,621.0,10.0,11.4
base_dqn_64x64_buf10k_bs32,0,44,636.0,15.0,11.2
base_dqn_64x64_buf10k_bs32,0,45,645.0,9.0,10.6
base_dqn_64x64_buf10k_bs32,0,46,656.0,11.0,10.9
base_dqn_64x64_buf10k_bs32,0,47,665.0,9.0,11.0
base_dqn_64x64_buf10k_bs32,0,48,676.0,11.0,10.9
base_dqn_64x64_buf10k_bs32,0,49,689.0,13.0,10.8
base_dqn_64x64_buf10k_bs32,0,50,699.0,10.0,10.6
base_dqn_64x64_buf10k_bs32,0,51,714.0,15.0,11.2
base_dqn_64x64_buf10k_bs32,0,52,723.0,9.0,11.2
base_dqn_64x64_buf10k_bs32,0,53,733.0,10.0,11.2
base_dqn_64x64_buf10k_bs32,0,54,743.0,10.0,10.7
base_dqn_64x64_buf10k_bs32,0,55,751.0,8.0,10.6
base_dqn_64x64_buf10k_bs32,0,56,760.0,9.0,10.4
base_dqn_64x64_buf10k_bs32,0,57,772.0,12.0,10.7
base_dqn_64x64_buf10k_bs32,0,58,781.0,9.0,10.5
base_dqn_64x64_buf10k_bs32,0,59,792.0,11.0,10.3
base_dqn_64x64_buf10k_bs32,0,60,804.0,12.0,10.5
base_dqn_64x64_buf10k_bs32,0,61,814.0,10.0,10.0
base_dqn_64x64_buf10k_bs32,0,62,823.0,9.0,10.0
base_dqn_64x64_buf10k_bs32,0,63,835.0,12.0,10.2
base_dqn_64x64_buf10k_bs32,0,64,847.0,12.0,10.4
base_dqn_64x64_buf10k_bs32,0,65,857.0,10.0,10.6
base_dqn_64x64_buf10k_bs32,0,66,866.0,9.0,10.6
base_dqn_64x64_buf10k_bs32,0,67,879.0,13.0,10.7
base_dqn_64x64_buf10k_bs32,0,68,890.0,11.0,10.9
base_dqn_64x64_buf10k_bs32,0,69,902.0,12.0,11.0
base_dqn_64x64_buf10k_bs32,0,70,913.0,11.0,10.9
base_dqn_64x64_buf10k_bs32,0,71,924.0,11.0,11.0
base_dqn_64x64_buf10k_bs32,0,72,937.0,13.0,11.4
base_dqn_64x64_buf10k_bs32,0,73,948.0,11.0,11.3
base_dqn_64x64_buf10k_bs32,0,74,960.0,12.0,11.3
base_dqn_64x64_buf10k_bs32,0,75,969.0,9.0,11.2
base_dqn_64x64_buf10k_bs32,0,76,981.0,12.0,11.5
base_dqn_64x64_buf10k_bs32,0,77,990.0,9.0,11.1
base_dqn_64x64_buf10k_bs32,0,78,999.0,9.0,10.9
base_dqn_64x64_buf10k_bs32,0,79,1010.0,11.0,10.8
base_dqn_64x64_buf10k_bs32,0,80,1025.0,15.0,11.2
base_dqn_64x64_buf10k_bs32,0,81,1035.0,10.0,11.1
base_dqn_64x64_buf10k_bs32,0,82,1045.0,10.0,10.8
base_dqn_64x64_buf10k_bs32,0,83,1063.0,18.0,11.5
base_dqn_64x64_buf10k_bs32,0,84,1072.0,9.0,11.2
base_dqn_64x64_buf10k_bs32,0,85,1082.0,10.0,11.3
base_dqn_64x64_buf10k_bs32,0,86,1091.0,9.0,11.0
base_dqn_64x64_buf10k_bs32,0,87,1113.0,22.0,12.3
base_dqn_64x64_buf10k_bs32,0,88,1121.0,8.0,12.2
base_dqn_64x64_buf10k_bs32,0,89,1130.0,9.0,12.0
base_dqn_64x64_buf10k_bs32,0,90,1142.0,12.0,11.7
base_dqn_64x64_buf10k_bs32,0,91,1166.0,24.0,13.1
base_dqn_64x64_buf10k_bs32,0,92,1175.0,9.0,13.0
base_dqn_64x64_buf10k_bs32,0,93,1185.0,10.0,12.2
base_dqn_64x64_buf10k_bs32,0,94,1196.0,11.0,12.4
base_dqn_64x64_buf10k_bs32,0,95,1207.0,11.0,12.5
base_dqn_64x64_buf10k_bs32,0,96,1216.0,9.0,12.5
base_dqn_64x64_buf10k_bs32,0,97,1234.0,18.0,12.1
base_dqn_64x64_buf10k_bs32,0,98,1244.0,10.0,12.3
base_dqn_64x64_buf10k_bs32,0,99,1253.0,9.0,12.3
base_dqn_64x64_buf10k_bs32,0,100,1262.0,9.0,12.0
base_dqn_64x64_buf10k_bs32,0,101,1271.0,9.0,10.5
base_dqn_64x64_buf10k_bs32,0,102,1279.0,8.0,10.4
base_dqn_64x64_buf10k_bs32,0,103,1289.0,10.0,10.4
base_dqn_64x64_buf10k_bs32,0,104,1299.0,10.0,10.3
base_dqn_64x64_buf10k_bs32,0,105,1309.0,10.0,10.2
base_dqn_64x64_buf10k_bs32,0,106,1320.0,11.0,10.4
base_dqn_64x64_buf10k_bs32,0,107,1329.0,9.0,9.5
base_dqn_64x64_buf10k_bs32,0,108,1338.0,9.0,9.4
base_dqn_64x64_buf10k_bs32,0,109,1347.0,9.0,9.4
base_dqn_64x64_buf10k_bs32,0,110,1358.0,11.0,9.6
base_dqn_64x64_buf10k_bs32,0,111,1367.0,9.0,9.6
base_dqn_64x64_buf10k_bs32,0,112,1376.0,9.0,9.7
base_dqn_64x64_buf10k_bs32,0,113,1386.0,10.0,9.7
base_dqn_64x64_buf10k_bs32,0,114,1395.0,9.0,9.6
base_dqn_64x64_buf10k_bs32,0,115,1406.0,11.0,9.7
base_dqn_64x64_buf10k_bs32,0,116,1415.0,9.0,9.5
base_dqn_64x64_buf10k_bs32,0,117,1425.0,10.0,9.6
base_dqn_64x64_buf10k_bs32,0,118,1437.0,12.0,9.9
base_dqn_64x64_buf10k_bs32,0,119,1446.0,9.0,9.9
base_dqn_64x64_buf10k_bs32,0,120,1455.0,9.0,9.7
base_dqn_64x64_buf10k_bs32,0,121,1466.0,11.0,9.9
base_dqn_64x64_buf10k_bs32,0,122,1476.0,10.0,10.0
base_dqn_64x64_buf10k_bs32,0,123,1485.0,9.0,9.9
base_dqn_64x64_buf10k_bs32,0,124,1494.0,9.0,9.9
base_dqn_64x64_buf10k_bs32,0,125,1504.0,10.0,9.8
base_dqn_64x64_buf10k_bs32,0,126,1513.0,9.0,9.8
base_dqn_64x64_buf10k_bs32,0,127,1524.0,11.0,9.9
base_dqn_64x64_buf10k_bs32,0,128,1533.0,9.0,9.6
base_dqn_64x64_buf10k_bs32,0,129,1542.0,9.0,9.6
base_dqn_64x64_buf10k_bs32,0,130,1550.0,8.0,9.5
base_dqn_64x64_buf10k_bs32,0,131,1560.0,10.0,9.4
base_dqn_64x64_buf10k_bs32,0,132,1571.0,11.0,9.5
base_dqn_64x64_buf10k_bs32,0,133,1579.0,8.0,9.4
base_dqn_64x64_buf10k_bs32,0,134,1590.0,11.0,9.6
base_dqn_64x64_buf10k_bs32,0,135,1600.0,10.0,9.6
base_dqn_64x64_buf10k_bs32,0,136,1614.0,14.0,10.1
base_dqn_64x64_buf10k_bs32,0,137,1623.0,9.0,9.9
base_dqn_64x64_buf10k_bs32,0,138,1633.0,10.0,10.0
base_dqn_64x64_buf10k_bs32,0,139,1643.0,10.0,10.1
base_dqn_64x64_buf10k_bs32,0,140,1651.0,8.0,10.1
base_dqn_64x64_buf10k_bs32,0,141,1671.0,20.0,11.1
base_dqn_64x64_buf10k_bs32,0,142,1680.0,9.0,10.9
base_dqn_64x64_buf10k_bs32,0,143,1689.0,9.0,11.0
base_dqn_64x64_buf10k_bs32,0,144,1698.0,9.0,10.8
base_dqn_64x64_buf10k_bs32,0,145,1706.0,8.0,10.6
base_dqn_64x64_buf10k_bs32,0,146,1715.0,9.0,10.1
base_dqn_64x64_buf10k_bs32,0,147,1742.0,27.0,11.9
base_dqn_64x64_buf10k_bs32,0,148,1754.0,12.0,12.1
base_dqn_64x64_buf10k_bs32,0,149,1763.0,9.0,12.0
base_dqn_64x64_buf10k_bs32,0,150,1773.0,10.0,12.2
base_dqn_64x64_buf10k_bs32,0,151,1782.0,9.0,11.1
base_dqn_64x64_buf10k_bs32,0,152,1792.0,10.0,11.2
base_dqn_64x64_buf10k_bs32,0,153,1803.0,11.0,11.4
base_dqn_64x64_buf10k_bs32,0,154,1813.0,10.0,11.5
base_dqn_64x64_buf10k_bs32,0,155,1822.0,9.0,11.6
base_dqn_64x64_buf10k_bs32,0,156,1835.0,13.0,12.0
base_dqn_64x64_buf10k_bs32,0,157,1850.0,15.0,10.8
base_dqn_64x64_buf10k_bs32,0,158,1864.0,14.0,11.0
base_dqn_64x64_buf10k_bs32,0,159,1884.0,20.0,12.1
base_dqn_64x64_buf10k_bs32,0,160,1896.0,12.0,12.3
base_dqn_64x64_buf10k_bs32,0,161,1907.0,11.0,12.5
base_dqn_64x64_buf10k_bs32,0,162,1917.0,10.0,12.5
base_dqn_64x64_buf10k_bs32,0,163,1928.0,11.0,12.5
base_dqn_64x64_buf10k_bs32,0,164,1937.0,9.0,12.4
base_dqn_64x64_buf10k_bs32,0,165,1947.0,10.0,12.5
base_dqn_64x64_buf10k_bs32,0,166,1956.0,9.0,12.1
base_dqn_64x64_buf10k_bs32,0,167,1973.0,17.0,12.3
base_dqn_64x64_buf10k_bs32,0,168,1982.0,9.0,11.8
base_dqn_64x64_buf10k_bs32,0,169,1992.0,10.0,10.8
base_dqn_64x64_buf10k_bs32,0,170,2011.0,19.0,11.5
base_dqn_64x64_buf10k_bs32,0,171,2021.0,10.0,11.4
base_dqn_64x64_buf10k_bs32,0,172,2030.0,9.0,11.3
base_dqn_64x64_buf10k_bs32,0,173,2040.0,10.0,11.2
base_dqn_64x64_buf10k_bs32,0,174,2058.0,18.0,12.1
base_dqn_64x64_buf10k_bs32,0,175,2071.0,13.0,12.4
base_dqn_64x64_buf10k_bs32,0,176,2079.0,8.0,12.3
base_dqn_64x64_buf10k_bs32,0,177,2088.0,9.0,11.5
base_dqn_64x64_buf10k_bs32,0,178,2103.0,15.0,12.1
base_dqn_64x64_buf10k_bs32,0,179,2112.0,9.0,12.0
base_dqn_64x64_buf10k_bs32,0,180,2121.0,9.0,11.0
base_dqn_64x64_buf10k_bs32,0,181,2135.0,14.0,11.4
base_dqn_64x64_buf10k_bs32,0,182,2146.0,11.0,11.6
base_dqn_64x64_buf10k_bs32,0,183,2159.0,13.0,11.9
base_dqn_64x64_buf10k_bs32,0,184,2169.0,10.0,11.1
base_dqn_64x64_buf10k_bs32,0,185,2180.0,11.0,10.9
base_dqn_64x64_buf10k_bs32,0,186,2193.0,13.0,11.4
base_dqn_64x64_buf10k_bs32,0,187,2204.0,11.0,11.6
base_dqn_64x64_buf10k_bs32,0,188,2215.0,11.0,11.2
base_dqn_64x64_buf10k_bs32,0,189,2231.0,16.0,11.9
base_dqn_64x64_buf10k_bs32,0,190,2245.0,14.0,12.4
base_dqn_64x64_buf10k_bs32,0,191,2255.0,10.0,12.0
base_dqn_64x64_buf10k_bs32,0,192,2268.0,13.0,12.2
base_dqn_64x64_buf10k_bs32,0,193,2279.0,11.0,12.0
base_dqn_64x64_buf10k_bs32,0,194,2288.0,9.0,11.9
base_dqn_64x64_buf10k_bs32,0,195,2299.0,11.0,11.9
base_dqn_64x64_buf10k_bs32,0,196,2312.0,13.0,11.9
base_dqn_64x64_buf10k_bs32,0,197,2330.0,18.0,12.6
base_dqn_64x64_buf10k_bs32,0,198,2340.0,10.0,12.5
base_dqn_64x64_buf10k_bs32,0,199,2350.0,10.0,11.9
base_dqn_64x64_buf10k_bs32,0,200,2360.0,10.0,11.5
base_dqn_64x64_buf10k_bs32,0,201,2387.0,27.0,13.2
base_dqn_64x64_buf10k_bs32,0,202,2398.0,11.0,13.0
base_dqn_64x64_buf10k_bs32,0,203,2409.0,11.0,13.0
base_dqn_64x64_buf10k_bs32,0,204,2419.0,10.0,13.1
base_dqn_64x64_buf10k_bs32,0,205,2432.0,13.0,13.3
base_dqn_64x64_buf10k_bs32,0,206,2444.0,12.0,13.2
base_dqn_64x64_buf10k_bs32,0,207,2461.0,17.0,13.1
base_dqn_64x64_buf10k_bs32,0,208,2471.0,10.0,13.1
base_dqn_64x64_buf10k_bs32,0,209,2493.0,22.0,14.3
base_dqn_64x64_buf10k_bs32,0,210,2505.0,12.0,14.5
base_dqn_64x64_buf10k_bs32,0,211,2523.0,18.0,13.6
base_dqn_64x64_buf10k_bs32,0,212,2535.0,12.0,13.7
base_dqn_64x64_buf10k_bs32,0,213,2556.0,21.0,14.7
base_dqn_64x64_buf10k_bs32,0,214,2576.0,20.0,15.7
base_dqn_64x64_buf10k_bs32,0,215,2587.0,11.0,15.5
base_dqn_64x64_buf10k_bs32,0,216,2617.0,30.0,17.3
base_dqn_64x64_buf10k_bs32,0,217,2630.0,13.0,16.9
base_dqn_64x64_buf10k_bs32,0,218,2658.0,28.0,18.7
base_dqn_64x64_buf10k_bs32,0,219,2668.0,10.0,17.5
base_dqn_64x64_buf10k_bs32,0,220,2691.0,23.0,18.6
base_dqn_64x64_buf10k_bs32,0,221,2704.0,13.0,18.1
base_dqn_64x64_buf10k_bs32,0,222,2717.0,13.0,18.2
base_dqn_64x64_buf10k_bs32,0,223,2732.0,15.0,17.6
base_dqn_64x64_buf10k_bs32,0,224,2770.0,38.0,19.4
base_dqn_64x64_buf10k_bs32,0,225,2811.0,41.0,22.4
base_dqn_64x64_buf10k_bs32,0,226,2832.0,21.0,21.5
base_dqn_64x64_buf10k_bs32,0,227,2844.0,12.0,21.4
base_dqn_64x64_buf10k_bs32,0,228,2905.0,61.0,24.7
base_dqn_64x64_buf10k_bs32,0,229,2922.0,17.0,25.4
base_dqn_64x64_buf10k_bs32,0,230,2946.0,24.0,25.5
base_dqn_64x64_buf10k_bs32,0,231,2975.0,29.0,27.1
base_dqn_64x64_buf10k_bs32,0,232,3002.0,27.0,28.5
base_dqn_64x64_buf10k_bs32,0,233,3033.0,31.0,30.1
base_dqn_64x64_buf10k_bs32,0,234,3063.0,30.0,29.3
base_dqn_64x64_buf10k_bs32,0,235,3106.0,43.0,29.5
base_dqn_64x64_buf10k_bs32,0,236,3115.0,9.0,28.3
base_dqn_64x64_buf10k_bs32,0,237,3142.0,27.0,29.8
base_dqn_64x64_buf10k_bs32,0,238,3152.0,10.0,24.7
base_dqn_64x64_buf10k_bs32,0,239,3185.0,33.0,26.3
base_dqn_64x64_buf10k_bs32,0,240,3228.0,43.0,28.2
base_dqn_64x64_buf10k_bs32,0,241,3238.0,10.0,26.3
base_dqn_64x64_buf10k_bs32,0,242,3272.0,34.0,27.0
base_dqn_64x64_buf10k_bs32,0,243,3281.0,9.0,24.8
base_dqn_64x64_buf10k_bs32,0,244,3391.0,110.0,32.8
base_dqn_64x64_buf10k_bs32,0,245,3414.0,23.0,30.8
base_dqn_64x64_buf10k_bs32,0,246,3450.0,36.0,33.5
base_dqn_64x64_buf10k_bs32,0,247,3481.0,31.0,33.9
base_dqn_64x64_buf10k_bs32,0,248,3490.0,9.0,33.8
base_dqn_64x64_buf10k_bs32,0,249,3535.0,45.0,35.0
base_dqn_64x64_buf10k_bs32,0,250,3571.0,36.0,34.3
base_dqn_64x64_buf10k_bs32,0,251,3589.0,18.0,35.1
base_dqn_64x64_buf10k_bs32,0,252,3664.0,75.0,39.2
base_dqn_64x64_buf10k_bs32,0,253,3713.0,49.0,43.2
base_dqn_64x64_buf10k_bs32,0,254,3742.0,29.0,35.1
base_dqn_64x64_buf10k_bs32,0,255,3754.0,12.0,34.0
base_dqn_64x64_buf10k_bs32,0,256,3777.0,23.0,32.7
base_dqn_64x64_buf10k_bs32,0,257,3852.0,75.0,37.1
base_dqn_64x64_buf10k_bs32,0,258,3892.0,40.0,40.2
base_dqn_64x64_buf10k_bs32,0,259,3940.0,48.0,40.5
base_dqn_64x64_buf10k_bs32,0,260,3964.0,24.0,39.3
base_dqn_64x64_buf10k_bs32,0,261,3991.0,27.0,40.2
base_dqn_64x64_buf10k_bs32,0,262,4002.0,11.0,33.8
base_dqn_64x64_buf10k_bs32,0,263,4043.0,41.0,33.0
base_dqn_64x64_buf10k_bs32,0,264,4055.0,12.0,31.3
base_dqn_64x64_buf10k_bs32,0,265,4064.0,9.0,31.0
base_dqn_64x64_buf10k_bs32,0,266,4152.0,88.0,37.5
base_dqn_64x64_buf10k_bs32,0,267,4227.0,75.0,37.5
base_dqn_64x64_buf10k_bs32,0,268,4323.0,96.0,43.1
base_dqn_64x64_buf10k_bs32,0,269,4407.0,84.0,46.7
base_dqn_64x64_buf10k_bs32,0,270,4530.0,123.0,56.6
base_dqn_64x64_buf10k_bs32,0,271,4608.0,78.0,61.7
base_dqn_64x64_buf10k_bs32,0,272,4739.0,131.0,73.7
base_dqn_64x64_buf10k_bs32,0,273,4829.0,90.0,78.6
base_dqn_64x64_buf10k_bs32,0,274,4945.0,116.0,89.0
base_dqn_64x64_buf10k_bs32,0,275,5046.0,101.0,98.2
base_dqn_64x64_buf10k_bs32,0,276,5153.0,107.0,100.1
base_dqn_64x64_buf10k_bs32,0,277,5275.0,122.0,104.8
base_dqn_64x64_buf10k_bs32,0,278,5411.0,136.0,108.8
base_dqn_64x64_buf10k_bs32,0,279,5528.0,117.0,112.1
base_dqn_64x64_buf10k_bs32,0,280,5639.0,111.0,110.9
base_dqn_64x64_buf10k_bs32,0,281,5764.0,125.0,115.6
base_dqn_64x64_buf10k_bs32,0,282,5864.0,100.0,112.5
base_dqn_64x64_buf10k_bs32,0,283,6028.0,164.0,119.9
base_dqn_64x64_buf10k_bs32,0,284,6175.0,147.0,123.0
base_dqn_64x64_buf10k_bs32,0,285,6299.0,124.0,125.3
base_dqn_64x64_buf10k_bs32,0,286,6479.0,180.0,132.6
base_dqn_64x64_buf10k_bs32,0,287,6592.0,113.0,131.7
base_dqn_64x64_buf10k_bs32,0,288,6725.0,133.0,131.4
base_dqn_64x64_buf10k_bs32,0,289,6846.0,121.0,131.8
base_dqn_64x64_buf10k_bs32,0,290,6988.0,142.0,134.9
base_dqn_64x64_buf10k_bs32,0,291,7121.0,133.0,135.7
base_dqn_64x64_buf10k_bs32,0,292,7260.0,139.0,139.6
base_dqn_64x64_buf10k_bs32,0,293,7427.0,167.0,139.9
base_dqn_64x64_buf10k_bs32,0,294,7563.0,136.0,138.8
base_dqn_64x64_buf10k_bs32,0,295,7691.0,128.0,139.2
base_dqn_64x64_buf10k_bs32,0,296,7836.0,145.0,135.7
base_dqn_64x64_buf10k_bs32,0,297,7968.0,132.0,137.6
base_dqn_64x64_buf10k_bs32,0,298,8111.0,143.0,138.6
base_dqn_64x64_buf10k_bs32,0,299,8254.0,143.0,140.8
base_dqn_64x64_buf10k_bs32,0,300,8395.0,141.0,140.7
base_dqn_64x64_buf10k_bs32,0,301,8533.0,138.0,141.2
base_dqn_64x64_buf10k_bs32,0,302,8666.0,133.0,140.6
base_dqn_64x64_buf10k_bs32,0,303,8796.0,130.0,136.9
base_dqn_64x64_buf10k_bs32,0,304,8946.0,150.0,138.3
base_dqn_64x64_buf10k_bs32,0,305,9075.0,129.0,138.4
base_dqn_64x64_buf10k_bs32,0,306,9226.0,151.0,139.0
base_dqn_64x64_buf10k_bs32,0,307,9363.0,137.0,139.5
base_dqn_64x64_buf10k_bs32,0,308,9522.0,159.0,141.1
base_dqn_64x64_buf10k_bs32,0,309,9653.0,131.0,139.9
base_dqn_64x64_buf10k_bs32,0,310,9800.0,147.0,140.5
base_dqn_64x64_buf10k_bs32,0,311,9934.0,134.0,140.1
base_dqn_64x64_buf10k_bs32,0,312,10056.0,122.0,139.0
base_dqn_64x64_buf10k_bs32,0,313,10207.0,151.0,141.1
base_dqn_64x64_buf10k_bs32,0,314,10394.0,187.0,144.8
base_dqn_64x64_buf10k_bs32,0,315,10548.0,154.0,147.3
base_dqn_64x64_buf10k_bs32,0,316,10708.0,160.0,148.2
base_dqn_64x64_buf10k_bs32,0,317,10852.0,144.0,148.9
base_dqn_64x64_buf10k_bs32,0,318,11004.0,152.0,148.2
base_dqn_64x64_buf10k_bs32,0,319,11153.0,149.0,150.0
base_dqn_64x64_buf10k_bs32,0,320,11307.0,154.0,150.7
base_dqn_64x64_buf10k_bs32,0,321,11452.0,145.0,151.8
base_dqn_64x64_buf10k_bs32,0,322,11607.0,155.0,155.1
base_dqn_64x64_buf10k_bs32,0,323,11743.0,136.0,153.6
base_dqn_64x64_buf10k_bs32,0,324,11919.0,176.0,152.5
base_dqn_64x64_buf10k_bs32,0,325,12075.0,156.0,152.7
base_dqn_64x64_buf10k_bs32,0,326,12209.0,134.0,150.1
base_dqn_64x64_buf10k_bs32,0,327,12343.0,134.0,149.1
base_dqn_64x64_buf10k_bs32,0,328,12486.0,143.0,148.2
base_dqn_64x64_buf10k_bs32,0,329,12623.0,137.0,147.0
base_dqn_64x64_buf10k_bs32,0,330,12749.0,126.0,144.2
base_dqn_64x64_buf10k_bs32,0,331,12876.0,127.0,142.4
base_dqn_64x64_buf10k_bs32,0,332,13007.0,131.0,140.0
base_dqn_64x64_buf10k_bs32,0,333,13163.0,156.0,142.0
base_dqn_64x64_buf10k_bs32,0,334,13329.0,166.0,141.0
base_dqn_64x64_buf10k_bs32,0,335,13473.0,144.0,139.8
base_dqn_64x64_buf10k_bs32,0,336,13620.0,147.0,141.1
base_dqn_64x64_buf10k_bs32,0,337,13769.0,149.0,142.6
base_dqn_64x64_buf10k_bs32,0,338,13916.0,147.0,143.0
base_dqn_64x64_buf10k_bs32,0,339,14076.0,160.0,145.3
base_dqn_64x64_buf10k_bs32,0,340,14230.0,154.0,148.1
base_dqn_64x64_buf10k_bs32,0,341,14432.0,202.0,155.6
base_dqn_64x64_buf10k_bs32,0,342,14586.0,154.0,157.9
base_dqn_64x64_buf10k_bs32,0,343,14734.0,148.0,157.1
base_dqn_64x64_buf10k_bs32,0,344,14911.0,177.0,158.2
base_dqn_64x64_buf10k_bs32,0,345,15069.0,158.0,159.6
base_dqn_64x64_buf10k_bs32,0,346,15239.0,170.0,161.9
base_dqn_64x64_buf10k_bs32,0,347,15412.0,173.0,164.3
base_dqn_64x64_buf10k_bs32,0,348,15603.0,191.0,168.7
base_dqn_64x64_buf10k_bs32,0,349,15780.0,177.0,170.4
base_dqn_64x64_buf10k_bs32,0,350,15961.0,181.0,173.1
base_dqn_64x64_buf10k_bs32,0,351,16148.0,187.0,171.6
base_dqn_64x64_buf10k_bs32,0,352,16299.0,151.0,171.3
base_dqn_64x64_buf10k_bs32,0,353,16473.0,174.0,173.9
base_dqn_64x64_buf10k_bs32,0,354,16651.0,178.0,174.0
base_dqn_64x64_buf10k_bs32,0,355,16816.0,165.0,174.7
base_dqn_64x64_buf10k_bs32,0,356,16945.0,129.0,170.6
base_dqn_64x64_buf10k_bs32,0,357,17092.0,147.0,168.0
base_dqn_64x64_buf10k_bs32,0,358,17250.0,158.0,164.7
base_dqn_64x64_buf10k_bs32,0,359,17421.0,171.0,164.1
base_dqn_64x64_buf10k_bs32,0,360,17583.0,162.0,162.2
base_dqn_64x64_buf10k_bs32,0,361,17727.0,144.0,157.9
base_dqn_64x64_buf10k_bs32,0,362,17910.0,183.0,161.1
base_dqn_64x64_buf10k_bs32,0,363,18064.0,154.0,159.1
base_dqn_64x64_buf10k_bs32,0,364,18242.0,178.0,159.1
base_dqn_64x64_buf10k_bs32,0,365,18405.0,163.0,158.9
base_dqn_64x64_buf10k_bs32,0,366,18593.0,188.0,164.8
base_dqn_64x64_buf10k_bs32,0,367,18818.0,225.0,172.6
base_dqn_64x64_buf10k_bs32,0,368,18988.0,170.0,173.8
base_dqn_64x64_buf10k_bs32,0,369,19217.0,229.0,179.6
base_dqn_64x64_buf10k_bs32,0,370,19525.0,308.0,194.2
base_dqn_64x64_buf10k_bs32,0,371,19967.0,442.0,224.0
base_dqn_64x64_buf10k_bs32,1,1,52.0,52.0,52.0
base_dqn_64x64_buf10k_bs32,1,2,69.0,17.0,34.5
base_dqn_64x64_buf10k_bs32,1,3,94.0,25.0,31.333333333333332
base_dqn_64x64_buf10k_bs32,1,4,106.0,12.0,26.5
base_dqn_64x64_buf10k_bs32,1,5,126.0,20.0,25.2
base_dqn_64x64_buf10k_bs32,1,6,152.0,26.0,25.333333333333332
base_dqn_64x64_buf10k_bs32,1,7,170.0,18.0,24.285714285714285
base_dqn_64x64_buf10k_bs32,1,8,188.0,18.0,23.5
base_dqn_64x64_buf10k_bs32,1,9,200.0,12.0,22.22222222222222
base_dqn_64x64_buf10k_bs32,1,10,214.0,14.0,21.4
base_dqn_64x64_buf10k_bs32,1,11,223.0,9.0,17.1
base_dqn_64x64_buf10k_bs32,1,12,243.0,20.0,17.4
base_dqn_64x64_buf10k_bs32,1,13,259.0,16.0,16.5
base_dqn_64x64_buf10k_bs32,1,14,270.0,11.0,16.4
base_dqn_64x64_buf10k_bs32,1,15,281.0,11.0,15.5
base_dqn_64x64_buf10k_bs32,1,16,301.0,20.0,14.9
base_dqn_64x64_buf10k_bs32,1,17,311.0,10.0,14.1
base_dqn_64x64_buf10k_bs32,1,18,324.0,13.0,13.6
base_dqn_64x64_buf10k_bs32,1,19,339.0,15.0,13.9
base_dqn_64x64_buf10k_bs32,1,20,348.0,9.0,13.4
base_dqn_64x64_buf10k_bs32,1,21,357.0,9.0,13.4
base_dqn_64x64_buf10k_bs32,1,22,371.0,14.0,12.8
base_dqn_64x64_buf10k_bs32,1,23,384.0,13.0,12.5
base_dqn_64x64_buf10k_bs32,1,24,395.0,11.0,12.5
base_dqn_64x64_buf10k_bs32,1,25,413.0,18.0,13.2
base_dqn_64x64_buf10k_bs32,1,26,426.0,13.0,12.5
base_dqn_64x64_buf10k_bs32,1,27,436.0,10.0,12.5
base_dqn_64x64_buf10k_bs32,1,28,460.0,24.0,13.6
base_dqn_64x64_buf10k_bs32,1,29,471.0,11.0,13.2
base_dqn_64x64_buf10k_bs32,1,30,490.0,19.0,14.2
base_dqn_64x64_buf10k_bs32,1,31,507.0,17.0,15.0
base_dqn_64x64_buf10k_bs32,1,32,522.0,15.0,15.1
base_dqn_64x64_buf10k_bs32,1,33,533.0,11.0,14.9
base_dqn_64x64_buf10k_bs32,1,34,549.0,16.0,15.4
base_dqn_64x64_buf10k_bs32,1,35,564.0,15.0,15.1
base_dqn_64x64_buf10k_bs32,1,36,579.0,15.0,15.3
base_dqn_64x64_buf10k_bs32,1,37,587.0,8.0,15.1
base_dqn_64x64_buf10k_bs32,1,38,602.0,15.0,14.2
base_dqn_64x64_buf10k_bs32,1,39,615.0,13.0,14.4
base_dqn_64x64_buf10k_bs32,1,40,626.0,11.0,13.6
base_dqn_64x64_buf10k_bs32,1,41,640.0,14.0,13.3
base_dqn_64x64_buf10k_bs32,1,42,649.0,9.0,12.7
base_dqn_64x64_buf10k_bs32,1,43,659.0,10.0,12.6
base_dqn_64x64_buf10k_bs32,1,44,668.0,9.0,11.9
base_dqn_64x64_buf10k_bs32,1,45,678.0,10.0,11.4
base_dqn_64x64_buf10k_bs32,1,46,687.0,9.0,10.8
base_dqn_64x64_buf10k_bs32,1,47,697.0,10.0,11.0
base_dqn_64x64_buf10k_bs32,1,48,709.0,12.0,10.7
base_dqn_64x64_buf10k_bs32,1,49,722.0,13.0,10.7
base_dqn_64x64_buf10k_bs32,1,50,733.0,11.0,10.7
base_dqn_64x64_buf10k_bs32,1,51,742.0,9.0,10.2
base_dqn_64x64_buf10k_bs32,1,52,752.0,10.0,10.3
base_dqn_64x64_buf10k_bs32,1,53,761.0,9.0,10.2
base_dqn_64x64_buf10k_bs32,1,54,770.0,9.0,10.2
base_dqn_64x64_buf10k_bs32,1,55,782.0,12.0,10.4
base_dqn_64x64_buf10k_bs32,1,56,792.0,10.0,10.5
base_dqn_64x64_buf10k_bs32,1,57,807.0,15.0,11.0
base_dqn_64x64_buf10k_bs32,1,58,815.0,8.0,10.6
base_dqn_64x64_buf10k_bs32,1,59,824.0,9.0,10.2
base_dqn_64x64_buf10k_bs32,1,60,836.0,12.0,10.3
base_dqn_64x64_buf10k_bs32,1,61,846.0,10.0,10.4
base_dqn_64x64_buf10k_bs32,1,62,855.0,9.0,10.3
base_dqn_64x64_buf10k_bs32,1,63,869.0,14.0,10.8
base_dqn_64x64_buf10k_bs32,1,64,882.0,13.0,11.2
base_dqn_64x64_buf10k_bs32,1,65,895.0,13.0,11.3
base_dqn_64x64_buf10k_bs32,1,66,907.0,12.0,11.5
base_dqn_64x64_buf10k_bs32,1,67,918.0,11.0,11.1
base_dqn_64x64_buf10k_bs32,1,68,932.0,14.0,11.7
base_dqn_64x64_buf10k_bs32,1,69,944.0,12.0,12.0
base_dqn_64x64_buf10k_bs32,1,70,953.0,9.0,11.7
base_dqn_64x64_buf10k_bs32,1,71,962.0,9.0,11.6
base_dqn_64x64_buf10k_bs32,1,72,975.0,13.0,12.0
base_dqn_64x64_buf10k_bs32,1,73,987.0,12.0,11.8
base_dqn_64x64_buf10k_bs32,1,74,999.0,12.0,11.7
base_dqn_64x64_buf10k_bs32,1,75,1011.0,12.0,11.6
base_dqn_64x64_buf10k_bs32,1,76,1021.0,10.0,11.4
base_dqn_64x64_buf10k_bs32,1,77,1031.0,10.0,11.3
base_dqn_64x64_buf10k_bs32,1,78,1042.0,11.0,11.0
base_dqn_64x64_buf10k_bs32,1,79,1055.0,13.0,11.1
base_dqn_64x64_buf10k_bs32,1,80,1063.0,8.0,11.0
base_dqn_64x64_buf10k_bs32,1,81,1072.0,9.0,11.0
base_dqn_64x64_buf10k_bs32,1,82,1086.0,14.0,11.1
base_dqn_64x64_buf10k_bs32,1,83,1099.0,13.0,11.2
base_dqn_64x64_buf10k_bs32,1,84,1108.0,9.0,10.9
base_dqn_64x64_buf10k_bs32,1,85,1120.0,12.0,10.9
base_dqn_64x64_buf10k_bs32,1,86,1129.0,9.0,10.8
base_dqn_64x64_buf10k_bs32,1,87,1141.0,12.0,11.0
base_dqn_64x64_buf10k_bs32,1,88,1151.0,10.0,10.9
base_dqn_64x64_buf10k_bs32,1,89,1163.0,12.0,10.8
base_dqn_64x64_buf10k_bs32,1,90,1174.0,11.0,11.1
base_dqn_64x64_buf10k_bs32,1,91,1187.0,13.0,11.5
base_dqn_64x64_buf10k_bs32,1,92,1197.0,10.0,11.1
base_dqn_64x64_buf10k_bs32,1,93,1207.0,10.0,10.8
base_dqn_64x64_buf10k_bs32,1,94,1217.0,10.0,10.9
base_dqn_64x64_buf10k_bs32,1,95,1225.0,8.0,10.5
base_dqn_64x64_buf10k_bs32,1,96,1235.0,10.0,10.6
base_dqn_64x64_buf10k_bs32,1,97,1246.0,11.0,10.5
base_dqn_64x64_buf10k_bs32,1,98,1256.0,10.0,10.5
base_dqn_64x64_buf10k_bs32,1,99,1266.0,10.0,10.3
base_dqn_64x64_buf10k_bs32,1,100,1276.0,10.0,10.2
base_dqn_64x64_buf10k_bs32,1,101,1286.0,10.0,9.9
base_dqn_64x64_buf10k_bs32,1,102,1296.0,10.0,9.9
base_dqn_64x64_buf10k_bs32,1,103,1304.0,8.0,9.7
base_dqn_64x64_buf10k_bs32,1,104,1313.0,9.0,9.6
base_dqn_64x64_buf10k_bs32,1,105,1323.0,10.0,9.8
base_dqn_64x64_buf10k_bs32,1,106,1333.0,10.0,9.8
base_dqn_64x64_buf10k_bs32,1,107,1343.0,10.0,9.7
base_dqn_64x64_buf10k_bs32,1,108,1352.0,9.0,9.6
base_dqn_64x64_buf10k_bs32,1,109,1363.0,11.0,9.7
base_dqn_64x64_buf10k_bs32,1,110,1372.0,9.0,9.6
base_dqn_64x64_buf10k_bs32,1,111,1381.0,9.0,9.5
base_dqn_64x64_buf10k_bs32,1,112,1391.0,10.0,9.5
base_dqn_64x64_buf10k_bs32,1,113,1401.0,10.0,9.7
base_dqn_64x64_buf10k_bs32,1,114,1414.0,13.0,10.1
base_dqn_64x64_buf10k_bs32,1,115,1424.0,10.0,10.1
base_dqn_64x64_buf10k_bs32,1,116,1435.0,11.0,10.2
base_dqn_64x64_buf10k_bs32,1,117,1445.0,10.0,10.2
base_dqn_64x64_buf10k_bs32,1,118,1454.0,9.0,10.2
base_dqn_64x64_buf10k_bs32,1,119,1465.0,11.0,10.2
base_dqn_64x64_buf10k_bs32,1,120,1475.0,10.0,10.3
base_dqn_64x64_buf10k_bs32,1,121,1486.0,11.0,10.5
base_dqn_64x64_buf10k_bs32,1,122,1496.0,10.0,10.5
base_dqn_64x64_buf10k_bs32,1,123,1505.0,9.0,10.4
base_dqn_64x64_buf10k_bs32,1,124,1514.0,9.0,10.0
base_dqn_64x64_buf10k_bs32,1,125,1524.0,10.0,10.0
base_dqn_64x64_buf10k_bs32,1,126,1534.0,10.0,9.9
base_dqn_64x64_buf10k_bs32,1,127,1559.0,25.0,11.4
base_dqn_64x64_buf10k_bs32,1,128,1568.0,9.0,11.4
base_dqn_64x64_buf10k_bs32,1,129,1578.0,10.0,11.3
base_dqn_64x64_buf10k_bs32,1,130,1588.0,10.0,11.3
base_dqn_64x64_buf10k_bs32,1,131,1597.0,9.0,11.1
base_dqn_64x64_buf10k_bs32,1,132,1607.0,10.0,11.1
base_dqn_64x64_buf10k_bs32,1,133,1617.0,10.0,11.2
base_dqn_64x64_buf10k_bs32,1,134,1627.0,10.0,11.3
base_dqn_64x64_buf10k_bs32,1,135,1636.0,9.0,11.2
base_dqn_64x64_buf10k_bs32,1,136,1645.0,9.0,11.1
base_dqn_64x64_buf10k_bs32,1,137,1660.0,15.0,10.1
base_dqn_64x64_buf10k_bs32,1,138,1670.0,10.0,10.2
base_dqn_64x64_buf10k_bs32,1,139,1680.0,10.0,10.2
base_dqn_64x64_buf10k_bs32,1,140,1690.0,10.0,10.2
base_dqn_64x64_buf10k_bs32,1,141,1699.0,9.0,10.2
base_dqn_64x64_buf10k_bs32,1,142,1708.0,9.0,10.1
base_dqn_64x64_buf10k_bs32,1,143,1716.0,8.0,9.9
base_dqn_64x64_buf10k_bs32,1,144,1725.0,9.0,9.8
base_dqn_64x64_buf10k_bs32,1,145,1733.0,8.0,9.7
base_dqn_64x64_buf10k_bs32,1,146,1742.0,9.0,9.7
base_dqn_64x64_buf10k_bs32,1,147,1750.0,8.0,9.0
base_dqn_64x64_buf10k_bs32,1,148,1759.0,9.0,8.9
base_dqn_64x64_buf10k_bs32,1,149,1769.0,10.0,8.9
base_dqn_64x64_buf10k_bs32,1,150,1778.0,9.0,8.8
base_dqn_64x64_buf10k_bs32,1,151,1788.0,10.0,8.9
base_dqn_64x64_buf10k_bs32,1,152,1797.0,9.0,8.9
base_dqn_64x64_buf10k_bs32,1,153,1805.0,8.0,8.9
base_dqn_64x64_buf10k_bs32,1,154,1815.0,10.0,9.0
base_dqn_64x64_buf10k_bs32,1,155,1836.0,21.0,10.3
base_dqn_64x64_buf10k_bs32,1,156,1846.0,10.0,10.4
base_dqn_64x64_buf10k_bs32,1,157,1856.0,10.0,10.6
base_dqn_64x64_buf10k_bs32,1,158,1865.0,9.0,10.6
base_dqn_64x64_buf10k_bs32,1,159,1875.0,10.0,10.6
base_dqn_64x64_buf10k_bs32,1,160,1885.0,10.0,10.7
base_dqn_64x64_buf10k_bs32,1,161,1895.0,10.0,10.7
base_dqn_64x64_buf10k_bs32,1,162,1903.0,8.0,10.6
base_dqn_64x64_buf10k_bs32,1,163,1912.0,9.0,10.7
base_dqn_64x64_buf10k_bs32,1,164,1926.0,14.0,11.1
base_dqn_64x64_buf10k_bs32,1,165,1934.0,8.0,9.8
base_dqn_64x64_buf10k_bs32,1,166,1944.0,10.0,9.8
base_dqn_64x64_buf10k_bs32,1,167,1954.0,10.0,9.8
base_dqn_64x64_buf10k_bs32,1,168,1964.0,10.0,9.9
base_dqn_64x64_buf10k_bs32,1,169,1973.0,9.0,9.8
base_dqn_64x64_buf10k_bs32,1,170,1982.0,9.0,9.7
base_dqn_64x64_buf10k_bs32,1,171,1992.0,10.0,9.7
base_dqn_64x64_buf10k_bs32,1,172,2001.0,9.0,9.8
base_dqn_64x64_buf10k_bs32,1,173,2012.0,11.0,10.0
base_dqn_64x64_buf10k_bs32,1,174,2022.0,10.0,9.6
base_dqn_64x64_buf10k_bs32,1,175,2032.0,10.0,9.8
base_dqn_64x64_buf10k_bs32,1,176,2042.0,10.0,9.8
base_dqn_64x64_buf10k_bs32,1,177,2067.0,25.0,11.3
base_dqn_64x64_buf10k_bs32,1,178,2078.0,11.0,11.4
base_dqn_64x64_buf10k_bs32,1,179,2087.0,9.0,11.4
base_dqn_64x64_buf10k_bs32,1,180,2097.0,10.0,11.5
base_dqn_64x64_buf10k_bs32,1,181,2110.0,13.0,11.8
base_dqn_64x64_buf10k_bs32,1,182,2163.0,53.0,16.2
base_dqn_64x64_buf10k_bs32,1,183,2180.0,17.0,16.8
base_dqn_64x64_buf10k_bs32,1,184,2207.0,27.0,18.5
base_dqn_64x64_buf10k_bs32,1,185,2216.0,9.0,18.4
base_dqn_64x64_buf10k_bs32,1,186,2227.0,11.0,18.5
base_dqn_64x64_buf10k_bs32,1,187,2238.0,11.0,17.1
base_dqn_64x64_buf10k_bs32,1,188,2248.0,10.0,17.0
base_dqn_64x64_buf10k_bs32,1,189,2264.0,16.0,17.7
base_dqn_64x64_buf10k_bs32,1,190,2274.0,10.0,17.7
base_dqn_64x64_buf10k_bs32,1,191,2287.0,13.0,17.7
base_dqn_64x64_buf10k_bs32,1,192,2297.0,10.0,13.4
base_dqn_64x64_buf10k_bs32,1,193,2323.0,26.0,14.3
base_dqn_64x64_buf10k_bs32,1,194,2332.0,9.0,12.5
base_dqn_64x64_buf10k_bs32,1,195,2341.0,9.0,12.5
base_dqn_64x64_buf10k_bs32,1,196,2377.0,36.0,15.0
base_dqn_64x64_buf10k_bs32,1,197,2387.0,10.0,14.9
base_dqn_64x64_buf10k_bs32,1,198,2397.0,10.0,14.9
base_dqn_64x64_buf10k_bs32,1,199,2405.0,8.0,14.1
base_dqn_64x64_buf10k_bs32,1,200,2415.0,10.0,14.1
base_dqn_64x64_buf10k_bs32,1,201,2425.0,10.0,13.8
base_dqn_64x64_buf10k_bs32,1,202,2445.0,20.0,14.8
base_dqn_64x64_buf10k_bs32,1,203,2460.0,15.0,13.7
base_dqn_64x64_buf10k_bs32,1,204,2486.0,26.0,15.4
base_dqn_64x64_buf10k_bs32,1,205,2503.0,17.0,16.2
base_dqn_64x64_buf10k_bs32,1,206,2538.0,35.0,16.1
base_dqn_64x64_buf10k_bs32,1,207,2563.0,25.0,17.6
base_dqn_64x64_buf10k_bs32,1,208,2572.0,9.0,17.5
base_dqn_64x64_buf10k_bs32,1,209,2598.0,26.0,19.3
base_dqn_64x64_buf10k_bs32,1,210,2608.0,10.0,19.3
base_dqn_64x64_buf10k_bs32,1,211,2617.0,9.0,19.2
base_dqn_64x64_buf10k_bs32,1,212,2628.0,11.0,18.3
base_dqn_64x64_buf10k_bs32,1,213,2637.0,9.0,17.7
base_dqn_64x64_buf10k_bs32,1,214,2646.0,9.0,16.0
base_dqn_64x64_buf10k_bs32,1,215,2656.0,10.0,15.3
base_dqn_64x64_buf10k_bs32,1,216,2668.0,12.0,13.0
base_dqn_64x64_buf10k_bs32,1,217,2694.0,26.0,13.1
base_dqn_64x64_buf10k_bs32,1,218,2704.0,10.0,13.2
base_dqn_64x64_buf10k_bs32,1,219,2716.0,12.0,11.8
base_dqn_64x64_buf10k_bs32,1,220,2726.0,10.0,11.8
base_dqn_64x64_buf10k_bs32,1,221,2737.0,11.0,12.0
base_dqn_64x64_buf10k_bs32,1,222,2748.0,11.0,12.0
base_dqn_64x64_buf10k_bs32,1,223,2761.0,13.0,12.4
base_dqn_64x64_buf10k_bs32,1,224,2770.0,9.0,12.4
base_dqn_64x64_buf10k_bs32,1,225,2779.0,9.0,12.3
base_dqn_64x64_buf10k_bs32,1,226,2790.0,11.0,12.2
base_dqn_64x64_buf10k_bs32,1,227,2800.0,10.0,10.6
base_dqn_64x64_buf10k_bs32,1,228,2809.0,9.0,10.5
base_dqn_64x64_buf10k_bs32,1,229,2818.0,9.0,10.2
base_dqn_64x64_buf10k_bs32,1,230,2827.0,9.0,10.1
base_dqn_64x64_buf10k_bs32,1,231,2851.0,24.0,11.4
base_dqn_64x64_buf10k_bs32,1,232,2860.0,9.0,11.2
base_dqn_64x64_buf10k_bs32,1,233,2887.0,27.0,12.6
base_dqn_64x64_buf10k_bs32,1,234,2899.0,12.0,12.9
base_dqn_64x64_buf10k_bs32,1,235,2913.0,14.0,13.4
base_dqn_64x64_buf10k_bs32,1,236,2924.0,11.0,13.4
base_dqn_64x64_buf10k_bs32,1,237,2942.0,18.0,14.2
base_dqn_64x64_buf10k_bs32,1,238,2954.0,12.0,14.5
base_dqn_64x64_buf10k_bs32,1,239,2973.0,19.0,15.5
base_dqn_64x64_buf10k_bs32,1,240,3002.0,29.0,17.5
base_dqn_64x64_buf10k_bs32,1,241,3024.0,22.0,17.3
base_dqn_64x64_buf10k_bs32,1,242,3032.0,8.0,17.2
base_dqn_64x64_buf10k_bs32,1,243,3053.0,21.0,16.6
base_dqn_64x64_buf10k_bs32,1,244,3063.0,10.0,16.4
base_dqn_64x64_buf10k_bs32,1,245,3073.0,10.0,16.0
base_dqn_64x64_buf10k_bs32,1,246,3087.0,14.0,16.3
base_dqn_64x64_buf10k_bs32,1,247,3098.0,11.0,15.6
base_dqn_64x64_buf10k_bs32,1,248,3106.0,8.0,15.2
base_dqn_64x64_buf10k_bs32,1,249,3125.0,19.0,15.2
base_dqn_64x64_buf10k_bs32,1,250,3184.0,59.0,18.2
base_dqn_64x64_buf10k_bs32,1,251,3224.0,40.0,20.0
base_dqn_64x64_buf10k_bs32,1,252,3247.0,23.0,21.5
base_dqn_64x64_buf10k_bs32,1,253,3329.0,82.0,27.6
base_dqn_64x64_buf10k_bs32,1,254,3388.0,59.0,32.5
base_dqn_64x64_buf10k_bs32,1,255,3455.0,67.0,38.2
base_dqn_64x64_buf10k_bs32,1,256,3541.0,86.0,45.4
base_dqn_64x64_buf10k_bs32,1,257,3598.0,57.0,50.0
base_dqn_64x64_buf10k_bs32,1,258,3622.0,24.0,51.6
base_dqn_64x64_buf10k_bs32,1,259,3706.0,84.0,58.1
base_dqn_64x64_buf10k_bs32,1,260,3768.0,62.0,58.4
base_dqn_64x64_buf10k_bs32,1,261,3852.0,84.0,62.8
base_dqn_64x64_buf10k_bs32,1,262,3952.0,100.0,70.5
base_dqn_64x64_buf10k_bs32,1,263,3964.0,12.0,63.5
base_dqn_64x64_buf10k_bs32,1,264,4176.0,212.0,78.8
base_dqn_64x64_buf10k_bs32,1,265,4350.0,174.0,89.5
base_dqn_64x64_buf10k_bs32,1,266,4582.0,232.0,104.1
base_dqn_64x64_buf10k_bs32,1,267,4803.0,221.0,120.5
base_dqn_64x64_buf10k_bs32,1,268,4991.0,188.0,136.9
base_dqn_64x64_buf10k_bs32,1,269,5136.0,145.0,143.0
base_dqn_64x64_buf10k_bs32,1,270,5254.0,118.0,148.6
base_dqn_64x64_buf10k_bs32,1,271,5411.0,157.0,155.9
base_dqn_64x64_buf10k_bs32,1,272,5552.0,141.0,160.0
base_dqn_64x64_buf10k_bs32,1,273,5699.0,147.0,173.5
base_dqn_64x64_buf10k_bs32,1,274,5820.0,121.0,164.4
base_dqn_64x64_buf10k_bs32,1,275,5950.0,130.0,160.0
base_dqn_64x64_buf10k_bs32,1,276,6115.0,165.0,153.3
base_dqn_64x64_buf10k_bs32,1,277,6244.0,129.0,144.1
base_dqn_64x64_buf10k_bs32,1,278,6382.0,138.0,139.1
base_dqn_64x64_buf10k_bs32,1,279,6558.0,176.0,142.2
base_dqn_64x64_buf10k_bs32,1,280,6718.0,160.0,146.4
base_dqn_64x64_buf10k_bs32,1,281,6874.0,156.0,146.3
base_dqn_64x64_buf10k_bs32,1,282,7091.0,217.0,153.9
base_dqn_64x64_buf10k_bs32,1,283,7256.0,165.0,155.7
base_dqn_64x64_buf10k_bs32,1,284,7483.0,227.0,166.3
base_dqn_64x64_buf10k_bs32,1,285,7658.0,175.0,170.8
base_dqn_64x64_buf10k_bs32,1,286,7848.0,190.0,173.3
base_dqn_64x64_buf10k_bs32,1,287,8063.0,215.0,181.9
base_dqn_64x64_buf10k_bs32,1,288,8349.0,286.0,196.7
base_dqn_64x64_buf10k_bs32,1,289,8584.0,235.0,202.6
base_dqn_64x64_buf10k_bs32,1,290,8753.0,169.0,203.5
base_dqn_64x64_buf10k_bs32,1,291,8950.0,197.0,207.6
base_dqn_64x64_buf10k_bs32,1,292,9127.0,177.0,203.6
base_dqn_64x64_buf10k_bs32,1,293,9361.0,234.0,210.5
base_dqn_64x64_buf10k_bs32,1,294,9517.0,156.0,203.4
base_dqn_64x64_buf10k_bs32,1,295,9713.0,196.0,205.5
base_dqn_64x64_buf10k_bs32,1,296,9897.0,184.0,204.9
base_dqn_64x64_buf10k_bs32,1,297,10086.0,189.0,202.3
base_dqn_64x64_buf10k_bs32,1,298,10270.0,184.0,192.1
base_dqn_64x64_buf10k_bs32,1,299,10485.0,215.0,190.1
base_dqn_64x64_buf10k_bs32,1,300,10985.0,500.0,223.2
base_dqn_64x64_buf10k_bs32,1,301,11196.0,211.0,224.6
base_dqn_64x64_buf10k_bs32,1,302,11367.0,171.0,224.0
base_dqn_64x64_buf10k_bs32,1,303,11659.0,292.0,229.8
base_dqn_64x64_buf10k_bs32,1,304,11860.0,201.0,234.3
base_dqn_64x64_buf10k_bs32,1,305,12115.0,255.0,240.2
base_dqn_64x64_buf10k_bs32,1,306,12286.0,171.0,238.9
base_dqn_64x64_buf10k_bs32,1,307,12443.0,157.0,235.7
base_dqn_64x64_buf10k_bs32,1,308,12624.0,181.0,235.4
base_dqn_64x64_buf10k_bs32,1,309,12790.0,166.0,230.5
base_dqn_64x64_buf10k_bs32,1,310,12951.0,161.0,196.6
base_dqn_64x64_buf10k_bs32,1,311,13127.0,176.0,193.1
base_dqn_64x64_buf10k_bs32,1,312,13317.0,190.0,195.0
base_dqn_64x64_buf10k_bs32,1,313,13486.0,169.0,182.7
base_dqn_64x64_buf10k_bs32,1,314,13657.0,171.0,179.7
base_dqn_64x64_buf10k_bs32,1,315,13847.0,190.0,173.2
base_dqn_64x64_buf10k_bs32,1,316,14022.0,175.0,173.6
base_dqn_64x64_buf10k_bs32,1,317,14260.0,238.0,181.7
base_dqn_64x64_buf10k_bs32,1,318,14485.0,225.0,186.1
base_dqn_64x64_buf10k_bs32,1,319,14680.0,195.0,189.0
base_dqn_64x64_buf10k_bs32,1,320,14855.0,175.0,190.4
base_dqn_64x64_buf10k_bs32,1,321,15072.0,217.0,194.5
base_dqn_64x64_buf10k_bs32,1,322,15218.0,146.0,190.1
base_dqn_64x64_buf10k_bs32,1,323,15379.0,161.0,189.3
base_dqn_64x64_buf10k_bs32,1,324,15553.0,174.0,189.6
base_dqn_64x64_buf10k_bs32,1,325,15717.0,164.0,187.0
base_dqn_64x64_buf10k_bs32,1,326,15870.0,153.0,184.8
base_dqn_64x64_buf10k_bs32,1,327,16084.0,214.0,182.4
base_dqn_64x64_buf10k_bs32,1,328,16243.0,159.0,175.8
base_dqn_64x64_buf10k_bs32,1,329,16388.0,145.0,170.8
base_dqn_64x64_buf10k_bs32,1,330,16591.0,203.0,173.6
base_dqn_64x64_buf10k_bs32,1,331,16746.0,155.0,167.4
base_dqn_64x64_buf10k_bs32,1,332,16951.0,205.0,173.3
base_dqn_64x64_buf10k_bs32,1,333,17117.0,166.0,173.8
base_dqn_64x64_buf10k_bs32,1,334,17283.0,166.0,173.0
base_dqn_64x64_buf10k_bs32,1,335,17442.0,159.0,172.5
base_dqn_64x64_buf10k_bs32,1,336,17630.0,188.0,176.0
base_dqn_64x64_buf10k_bs32,1,337,17780.0,150.0,169.6
base_dqn_64x64_buf10k_bs32,1,338,17951.0,171.0,170.8
base_dqn_64x64_buf10k_bs32,1,339,18144.0,193.0,175.6
base_dqn_64x64_buf10k_bs32,1,340,18313.0,169.0,172.2
base_dqn_64x64_buf10k_bs32,1,341,18539.0,226.0,179.3
base_dqn_64x64_buf10k_bs32,1,342,18713.0,174.0,176.2
base_dqn_64x64_buf10k_bs32,1,343,18889.0,176.0,177.2
base_dqn_64x64_buf10k_bs32,1,344,19076.0,187.0,179.3
base_dqn_64x64_buf10k_bs32,1,345,19283.0,207.0,184.1
base_dqn_64x64_buf10k_bs32,1,346,19498.0,215.0,186.8
base_dqn_64x64_buf10k_bs32,1,347,19709.0,211.0,192.9
base_dqn_64x64_buf10k_bs32,1,348,19914.0,205.0,196.3
base_dqn_64x64_buf10k_bs32,2,1,21.0,21.0,21.0
base_dqn_64x64_buf10k_bs32,2,2,42.0,21.0,21.0
base_dqn_64x64_buf10k_bs32,2,3,53.0,11.0,17.666666666666668
base_dqn_64x64_buf10k_bs32,2,4,71.0,18.0,17.75
base_dqn_64x64_buf10k_bs32,2,5,88.0,17.0,17.6
base_dqn_64x64_buf10k_bs32,2,6,104.0,16.0,17.333333333333332
base_dqn_64x64_buf10k_bs32,2,7,128.0,24.0,18.285714285714285
base_dqn_64x64_buf10k_bs32,2,8,139.0,11.0,17.375
base_dqn_64x64_buf10k_bs32,2,9,166.0,27.0,18.444444444444443
base_dqn_64x64_buf10k_bs32,2,10,178.0,12.0,17.8
base_dqn_64x64_buf10k_bs32,2,11,188.0,10.0,16.7
base_dqn_64x64_buf10k_bs32,2,12,201.0,13.0,15.9
base_dqn_64x64_buf10k_bs32,2,13,235.0,34.0,18.2
base_dqn_64x64_buf10k_bs32,2,14,255.0,20.0,18.4
base_dqn_64x64_buf10k_bs32,2,15,268.0,13.0,18.0
base_dqn_64x64_buf10k_bs32,2,16,291.0,23.0,18.7
base_dqn_64x64_buf10k_bs32,2,17,307.0,16.0,17.9
base_dqn_64x64_buf10k_bs32,2,18,317.0,10.0,17.8
base_dqn_64x64_buf10k_bs32,2,19,330.0,13.0,16.4
base_dqn_64x64_buf10k_bs32,2,20,338.0,8.0,16.0
base_dqn_64x64_buf10k_bs32,2,21,349.0,11.0,16.1
base_dqn_64x64_buf10k_bs32,2,22,361.0,12.0,16.0
base_dqn_64x64_buf10k_bs32,2,23,370.0,9.0,13.5
base_dqn_64x64_buf10k_bs32,2,24,378.0,8.0,12.3
base_dqn_64x64_buf10k_bs32,2,25,391.0,13.0,12.3
base_dqn_64x64_buf10k_bs32,2,26,404.0,13.0,11.3
base_dqn_64x64_buf10k_bs32,2,27,412.0,8.0,10.5
base_dqn_64x64_buf10k_bs32,2,28,425.0,13.0,10.8
base_dqn_64x64_buf10k_bs32,2,29,442.0,17.0,11.2
base_dqn_64x64_buf10k_bs32,2,30,465.0,23.0,12.7
base_dqn_64x64_buf10k_bs32,2,31,477.0,12.0,12.8
base_dqn_64x64_buf10k_bs32,2,32,490.0,13.0,12.9
base_dqn_64x64_buf10k_bs32,2,33,505.0,15.0,13.5
base_dqn_64x64_buf10k_bs32,2,34,516.0,11.0,13.8
base_dqn_64x64_buf10k_bs32,2,35,527.0,11.0,13.6
base_dqn_64x64_buf10k_bs32,2,36,539.0,12.0,13.5
base_dqn_64x64_buf10k_bs32,2,37,550.0,11.0,13.8
base_dqn_64x64_buf10k_bs32,2,38,562.0,12.0,13.7
base_dqn_64x64_buf10k_bs32,2,39,572.0,10.0,13.0
base_dqn_64x64_buf10k_bs32,2,40,581.0,9.0,11.6
base_dqn_64x64_buf10k_bs32,2,41,591.0,10.0,11.4
base_dqn_64x64_buf10k_bs32,2,42,600.0,9.0,11.0
base_dqn_64x64_buf10k_bs32,2,43,611.0,11.0,10.6
base_dqn_64x64_buf10k_bs32,2,44,623.0,12.0,10.7
base_dqn_64x64_buf10k_bs32,2,45,633.0,10.0,10.6
base_dqn_64x64_buf10k_bs32,2,46,646.0,13.0,10.7
base_dqn_64x64_buf10k_bs32,2,47,661.0,15.0,11.1
base_dqn_64x64_buf10k_bs32,2,48,670.0,9.0,10.8
base_dqn_64x64_buf10k_bs32,2,49,680.0,10.0,10.8
base_dqn_64x64_buf10k_bs32,2,50,693.0,13.0,11.2
base_dqn_64x64_buf10k_bs32,2,51,702.0,9.0,11.1
base_dqn_64x64_buf10k_bs32,2,52,712.0,10.0,11.2
base_dqn_64x64_buf10k_bs32,2,53,723.0,11.0,11.2
base_dqn_64x64_buf10k_bs32,2,54,733.0,10.0,11.0
base_dqn_64x64_buf10k_bs32,2,55,746.0,13.0,11.3
base_dqn_64x64_buf10k_bs32,2,56,757.0,11.0,11.1
base_dqn_64x64_buf10k_bs32,2,57,766.0,9.0,10.5
base_dqn_64x64_buf10k_bs32,2,58,774.0,8.0,10.4
base_dqn_64x64_buf10k_bs32,2,59,786.0,12.0,10.6
base_dqn_64x64_buf10k_bs32,2,60,795.0,9.0,10.2
base_dqn_64x64_buf10k_bs32,2,61,805.0,10.0,10.3
base_dqn_64x64_buf10k_bs32,2,62,814.0,9.0,10.2
base_dqn_64x64_buf10k_bs32,2,63,823.0,9.0,10.0
base_dqn_64x64_buf10k_bs32,2,64,831.0,8.0,9.8
base_dqn_64x64_buf10k_bs32,2,65,846.0,15.0,10.0
base_dqn_64x64_buf10k_bs32,2,66,863.0,17.0,10.6
base_dqn_64x64_buf10k_bs32,2,67,871.0,8.0,10.5
base_dqn_64x64_buf10k_bs32,2,68,880.0,9.0,10.6
base_dqn_64x64_buf10k_bs32,2,69,889.0,9.0,10.3
base_dqn_64x64_buf10k_bs32,2,70,898.0,9.0,10.3
base_dqn_64x64_buf10k_bs32,2,71,913.0,15.0,10.8
base_dqn_64x64_buf10k_bs32,2,72,922.0,9.0,10.8
base_dqn_64x64_buf10k_bs32,2,73,931.0,9.0,10.8
base_dqn_64x64_buf10k_bs32,2,74,943.0,12.0,11.2
base_dqn_64x64_buf10k_bs32,2,75,953.0,10.0,10.7
base_dqn_64x64_buf10k_bs32,2,76,962.0,9.0,9.9
base_dqn_64x64_buf10k_bs32,2,77,973.0,11.0,10.2
base_dqn_64x64_buf10k_bs32,2,78,983.0,10.0,10.3
base_dqn_64x64_buf10k_bs32,2,79,993.0,10.0,10.4
base_dqn_64x64_buf10k_bs32,2,80,1005.0,12.0,10.7
base_dqn_64x64_buf10k_bs32,2,81,1015.0,10.0,10.2
base_dqn_64x64_buf10k_bs32,2,82,1025.0,10.0,10.3
base_dqn_64x64_buf10k_bs32,2,83,1037.0,12.0,10.6
base_dqn_64x64_buf10k_bs32,2,84,1046.0,9.0,10.3
base_dqn_64x64_buf10k_bs32,2,85,1059.0,13.0,10.6
base_dqn_64x64_buf10k_bs32,2,86,1074.0,15.0,11.2
base_dqn_64x64_buf10k_bs32,2,87,1084.0,10.0,11.1
base_dqn_64x64_buf10k_bs32,2,88,1094.0,10.0,11.1
base_dqn_64x64_buf10k_bs32,2,89,1103.0,9.0,11.0
base_dqn_64x64_buf10k_bs32,2,90,1114.0,11.0,10.9
base_dqn_64x64_buf10k_bs32,2,91,1125.0,11.0,11.0
base_dqn_64x64_buf10k_bs32,2,92,1135.0,10.0,11.0
base_dqn_64x64_buf10k_bs32,2,93,1145.0,10.0,10.8
base_dqn_64x64_buf10k_bs32,2,94,1154.0,9.0,10.8
base_dqn_64x64_buf10k_bs32,2,95,1182.0,28.0,12.3
base_dqn_64x64_buf10k_bs32,2,96,1191.0,9.0,11.7
base_dqn_64x64_buf10k_bs32,2,97,1201.0,10.0,11.7
base_dqn_64x64_buf10k_bs32,2,98,1212.0,11.0,11.8
base_dqn_64x64_buf10k_bs32,2,99,1227.0,15.0,12.4
base_dqn_64x64_buf10k_bs32,2,100,1239.0,12.0,12.5
base_dqn_64x64_buf10k_bs32,2,101,1248.0,9.0,12.3
base_dqn_64x64_buf10k_bs32,2,102,1258.0,10.0,12.3
base_dqn_64x64_buf10k_bs32,2,103,1271.0,13.0,12.6
base_dqn_64x64_buf10k_bs32,2,104,1280.0,9.0,12.6
base_dqn_64x64_buf10k_bs32,2,105,1289.0,9.0,10.7
base_dqn_64x64_buf10k_bs32,2,106,1308.0,19.0,11.7
base_dqn_64x64_buf10k_bs32,2,107,1316.0,8.0,11.5
base_dqn_64x64_buf10k_bs32,2,108,1338.0,22.0,12.6
base_dqn_64x64_buf10k_bs32,2,109,1348.0,10.0,12.1
base_dqn_64x64_buf10k_bs32,2,110,1356.0,8.0,11.7
base_dqn_64x64_buf10k_bs32,2,111,1365.0,9.0,11.7
base_dqn_64x64_buf10k_bs32,2,112,1379.0,14.0,12.1
base_dqn_64x64_buf10k_bs32,2,113,1389.0,10.0,11.8
base_dqn_64x64_buf10k_bs32,2,114,1398.0,9.0,11.8
base_dqn_64x64_buf10k_bs32,2,115,1408.0,10.0,11.9
base_dqn_64x64_buf10k_bs32,2,116,1418.0,10.0,11.0
base_dqn_64x64_buf10k_bs32,2,117,1426.0,8.0,11.0
base_dqn_64x64_buf10k_bs32,2,118,1435.0,9.0,9.7
base_dqn_64x64_buf10k_bs32,2,119,1444.0,9.0,9.6
base_dqn_64x64_buf10k_bs32,2,120,1456.0,12.0,10.0
base_dqn_64x64_buf10k_bs32,2,121,1465.0,9.0,10.0
base_dqn_64x64_buf10k_bs32,2,122,1483.0,18.0,10.4
base_dqn_64x64_buf10k_bs32,2,123,1493.0,10.0,10.4
base_dqn_64x64_buf10k_bs32,2,124,1502.0,9.0,10.4
base_dqn_64x64_buf10k_bs32,2,125,1510.0,8.0,10.2
base_dqn_64x64_buf10k_bs32,2,126,1519.0,9.0,10.1
base_dqn_64x64_buf10k_bs32,2,127,1537.0,18.0,11.1
base_dqn_64x64_buf10k_bs32,2,128,1545.0,8.0,11.0
base_dqn_64x64_buf10k_bs32,2,129,1554.0,9.0,11.0
base_dqn_64x64_buf10k_bs32,2,130,1585.0,31.0,12.9
base_dqn_64x64_buf10k_bs32,2,131,1598.0,13.0,13.3
base_dqn_64x64_buf10k_bs32,2,132,1608.0,10.0,12.5
base_dqn_64x64_buf10k_bs32,2,133,1639.0,31.0,14.6
base_dqn_64x64_buf10k_bs32,2,134,1649.0,10.0,14.7
base_dqn_64x64_buf10k_bs32,2,135,1661.0,12.0,15.1
base_dqn_64x64_buf10k_bs32,2,136,1672.0,11.0,15.3
base_dqn_64x64_buf10k_bs32,2,137,1682.0,10.0,14.5
base_dqn_64x64_buf10k_bs32,2,138,1705.0,23.0,16.0
base_dqn_64x64_buf10k_bs32,2,139,1714.0,9.0,16.0
base_dqn_64x64_buf10k_bs32,2,140,1724.0,10.0,13.9
base_dqn_64x64_buf10k_bs32,2,141,1740.0,16.0,14.2
base_dqn_64x64_buf10k_bs32,2,142,1750.0,10.0,14.2
base_dqn_64x64_buf10k_bs32,2,143,1760.0,10.0,12.1
base_dqn_64x64_buf10k_bs32,2,144,1770.0,10.0,12.1
base_dqn_64x64_buf10k_bs32,2,145,1779.0,9.0,11.8
base_dqn_64x64_buf10k_bs32,2,146,1787.0,8.0,11.5
base_dqn_64x64_buf10k_bs32,2,147,1798.0,11.0,11.6
base_dqn_64x64_buf10k_bs32,2,148,1808.0,10.0,10.3
base_dqn_64x64_buf10k_bs32,2,149,1817.0,9.0,10.3
base_dqn_64x64_buf10k_bs32,2,150,1827.0,10.0,10.3
base_dqn_64x64_buf10k_bs32,2,151,1855.0,28.0,11.5
base_dqn_64x64_buf10k_bs32,2,152,1864.0,9.0,11.4
base_dqn_64x64_buf10k_bs32,2,153,1872.0,8.0,11.2
base_dqn_64x64_buf10k_bs32,2,154,1881.0,9.0,11.1
base_dqn_64x64_buf10k_bs32,2,155,1891.0,10.0,11.2
base_dqn_64x64_buf10k_bs32,2,156,1900.0,9.0,11.3
base_dqn_64x64_buf10k_bs32,2,157,1912.0,12.0,11.4
base_dqn_64x64_buf10k_bs32,2,158,1922.0,10.0,11.4
base_dqn_64x64_buf10k_bs32,2,159,1931.0,9.0,11.4
base_dqn_64x64_buf10k_bs32,2,160,1949.0,18.0,12.2
base_dqn_64x64_buf10k_bs32,2,161,1960.0,11.0,10.5
base_dqn_64x64_buf10k_bs32,2,162,1970.0,10.0,10.6
base_dqn_64x64_buf10k_bs32,2,163,1979.0,9.0,10.7
base_dqn_64x64_buf10k_bs32,2,164,1988.0,9.0,10.7
base_dqn_64x64_buf10k_bs32,2,165,1996.0,8.0,10.5
base_dqn_64x64_buf10k_bs32,2,166,2009.0,13.0,10.9
base_dqn_64x64_buf10k_bs32,2,167,2018.0,9.0,10.6
base_dqn_64x64_buf10k_bs32,2,168,2027.0,9.0,10.5
base_dqn_64x64_buf10k_bs32,2,169,2047.0,20.0,11.6
base_dqn_64x64_buf10k_bs32,2,170,2059.0,12.0,11.0
base_dqn_64x64_buf10k_bs32,2,171,2073.0,14.0,11.3
base_dqn_64x64_buf10k_bs32,2,172,2087.0,14.0,11.7
base_dqn_64x64_buf10k_bs32,2,173,2108.0,21.0,12.9
base_dqn_64x64_buf10k_bs32,2,174,2117.0,9.0,12.9
base_dqn_64x64_buf10k_bs32,2,175,2143.0,26.0,14.7
base_dqn_64x64_buf10k_bs32,2,176,2153.0,10.0,14.4
base_dqn_64x64_buf10k_bs32,2,177,2162.0,9.0,14.4
base_dqn_64x64_buf10k_bs32,2,178,2171.0,9.0,14.4
base_dqn_64x64_buf10k_bs32,2,179,2179.0,8.0,13.2
base_dqn_64x64_buf10k_bs32,2,180,2188.0,9.0,12.9
base_dqn_64x64_buf10k_bs32,2,181,2200.0,12.0,12.7
base_dqn_64x64_buf10k_bs32,2,182,2210.0,10.0,12.3
base_dqn_64x64_buf10k_bs32,2,183,2220.0,10.0,11.2
base_dqn_64x64_buf10k_bs32,2,184,2233.0,13.0,11.6
base_dqn_64x64_buf10k_bs32,2,185,2242.0,9.0,9.9
base_dqn_64x64_buf10k_bs32,2,186,2252.0,10.0,9.9
base_dqn_64x64_buf10k_bs32,2,187,2261.0,9.0,9.9
base_dqn_64x64_buf10k_bs32,2,188,2270.0,9.0,9.9
base_dqn_64x64_buf10k_bs32,2,189,2279.0,9.0,10.0
base_dqn_64x64_buf10k_bs32,2,190,2289.0,10.0,10.1
base_dqn_64x64_buf10k_bs32,2,191,2298.0,9.0,9.8
base_dqn_64x64_buf10k_bs32,2,192,2306.0,8.0,9.6
base_dqn_64x64_buf10k_bs32,2,193,2316.0,10.0,9.6
base_dqn_64x64_buf10k_bs32,2,194,2325.0,9.0,9.2
base_dqn_64x64_buf10k_bs32,2,195,2334.0,9.0,9.2
base_dqn_64x64_buf10k_bs32,2,196,2349.0,15.0,9.7
base_dqn_64x64_buf10k_bs32,2,197,2359.0,10.0,9.8
base_dqn_64x64_buf10k_bs32,2,198,2382.0,23.0,11.2
base_dqn_64x64_buf10k_bs32,2,199,2391.0,9.0,11.2
base_dqn_64x64_buf10k_bs32,2,200,2401.0,10.0,11.2
base_dqn_64x64_buf10k_bs32,2,201,2410.0,9.0,11.2
base_dqn_64x64_buf10k_bs32,2,202,2421.0,11.0,11.5
base_dqn_64x64_buf10k_bs32,2,203,2441.0,20.0,12.5
base_dqn_64x64_buf10k_bs32,2,204,2453.0,12.0,12.8
base_dqn_64x64_buf10k_bs32,2,205,2468.0,15.0,13.4
base_dqn_64x64_buf10k_bs32,2,206,2482.0,14.0,13.3
base_dqn_64x64_buf10k_bs32,2,207,2492.0,10.0,13.3
base_dqn_64x64_buf10k_bs32,2,208,2504.0,12.0,12.2
base_dqn_64x64_buf10k_bs32,2,209,2534.0,30.0,14.3
base_dqn_64x64_buf10k_bs32,2,210,2544.0,10.0,14.3
base_dqn_64x64_buf10k_bs32,2,211,2555.0,11.0,14.5
base_dqn_64x64_buf10k_bs32,2,212,2564.0,9.0,14.3
base_dqn_64x64_buf10k_bs32,2,213,2574.0,10.0,13.3
base_dqn_64x64_buf10k_bs32,2,214,2586.0,12.0,13.3
base_dqn_64x64_buf10k_bs32,2,215,2598.0,12.0,13.0
base_dqn_64x64_buf10k_bs32,2,216,2613.0,15.0,13.1
base_dqn_64x64_buf10k_bs32,2,217,2625.0,12.0,13.3
base_dqn_64x64_buf10k_bs32,2,218,2641.0,16.0,13.7
base_dqn_64x64_buf10k_bs32,2,219,2651.0,10.0,11.7
base_dqn_64x64_buf10k_bs32,2,220,2661.0,10.0,11.7
base_dqn_64x64_buf10k_bs32,2,221,2675.0,14.0,12.0
base_dqn_64x64_buf10k_bs32,2,222,2684.0,9.0,12.0
base_dqn_64x64_buf10k_bs32,2,223,2698.0,14.0,12.4
base_dqn_64x64_buf10k_bs32,2,224,2708.0,10.0,12.2
base_dqn_64x64_buf10k_bs32,2,225,2730.0,22.0,13.2
base_dqn_64x64_buf10k_bs32,2,226,2744.0,14.0,13.1
base_dqn_64x64_buf10k_bs32,2,227,2759.0,15.0,13.4
base_dqn_64x64_buf10k_bs32,2,228,2772.0,13.0,13.1
base_dqn_64x64_buf10k_bs32,2,229,2783.0,11.0,13.2
base_dqn_64x64_buf10k_bs32,2,230,2797.0,14.0,13.6
base_dqn_64x64_buf10k_bs32,2,231,2808.0,11.0,13.3
base_dqn_64x64_buf10k_bs32,2,232,2819.0,11.0,13.5
base_dqn_64x64_buf10k_bs32,2,233,2829.0,10.0,13.1
base_dqn_64x64_buf10k_bs32,2,234,2838.0,9.0,13.0
base_dqn_64x64_buf10k_bs32,2,235,2847.0,9.0,11.7
base_dqn_64x64_buf10k_bs32,2,236,2856.0,9.0,11.2
base_dqn_64x64_buf10k_bs32,2,237,2868.0,12.0,10.9
base_dqn_64x64_buf10k_bs32,2,238,2878.0,10.0,10.6
base_dqn_64x64_buf10k_bs32,2,239,2896.0,18.0,11.3
base_dqn_64x64_buf10k_bs32,2,240,2915.0,19.0,11.8
base_dqn_64x64_buf10k_bs32,2,241,2925.0,10.0,11.7
base_dqn_64x64_buf10k_bs32,2,242,2935.0,10.0,11.6
base_dqn_64x64_buf10k_bs32,2,243,2949.0,14.0,12.0
base_dqn_64x64_buf10k_bs32,2,244,2959.0,10.0,12.1
base_dqn_64x64_buf10k_bs32,2,245,2970.0,11.0,12.3
base_dqn_64x64_buf10k_bs32,2,246,2980.0,10.0,12.4
base_dqn_64x64_buf10k_bs32,2,247,2990.0,10.0,12.2
base_dqn_64x64_buf10k_bs32,2,248,3001.0,11.0,12.3
base_dqn_64x64_buf10k_bs32,2,249,3015.0,14.0,11.9
base_dqn_64x64_buf10k_bs32,2,250,3025.0,10.0,11.0
base_dqn_64x64_buf10k_bs32,2,251,3036.0,11.0,11.1
base_dqn_64x64_buf10k_bs32,2,252,3050.0,14.0,11.5
base_dqn_64x64_buf10k_bs32,2,253,3074.0,24.0,12.5
base_dqn_64x64_buf10k_bs32,2,254,3091.0,17.0,13.2
base_dqn_64x64_buf10k_bs32,2,255,3107.0,16.0,13.7
base_dqn_64x64_buf10k_bs32,2,256,3137.0,30.0,15.7
base_dqn_64x64_buf10k_bs32,2,257,3168.0,31.0,17.8
base_dqn_64x64_buf10k_bs32,2,258,3270.0,102.0,26.9
base_dqn_64x64_buf10k_bs32,2,259,3279.0,9.0,26.4
base_dqn_64x64_buf10k_bs32,2,260,3294.0,15.0,26.9
base_dqn_64x64_buf10k_bs32,2,261,3318.0,24.0,28.2
base_dqn_64x64_buf10k_bs32,2,262,3330.0,12.0,28.0
base_dqn_64x64_buf10k_bs32,2,263,3350.0,20.0,27.6
base_dqn_64x64_buf10k_bs32,2,264,3392.0,42.0,30.1
base_dqn_64x64_buf10k_bs32,2,265,3484.0,92.0,37.7
base_dqn_64x64_buf10k_bs32,2,266,3539.0,55.0,40.2
base_dqn_64x64_buf10k_bs32,2,267,3549.0,10.0,38.1
base_dqn_64x64_buf10k_bs32,2,268,3593.0,44.0,32.3
base_dqn_64x64_buf10k_bs32,2,269,3616.0,23.0,33.7
base_dqn_64x64_buf10k_bs32,2,270,3647.0,31.0,35.3
base_dqn_64x64_buf10k_bs32,2,271,3684.0,37.0,36.6
base_dqn_64x64_buf10k_bs32,2,272,3730.0,46.0,40.0
base_dqn_64x64_buf10k_bs32,2,273,3760.0,30.0,41.0
base_dqn_64x64_buf10k_bs32,2,274,3770.0,10.0,37.8
base_dqn_64x64_buf10k_bs32,2,275,3800.0,30.0,31.6
base_dqn_64x64_buf10k_bs32,2,276,3840.0,40.0,30.1
base_dqn_64x64_buf10k_bs32,2,277,3862.0,22.0,31.3
base_dqn_64x64_buf10k_bs32,2,278,3873.0,11.0,28.0
base_dqn_64x64_buf10k_bs32,2,279,3901.0,28.0,28.5
base_dqn_64x64_buf10k_bs32,2,280,3913.0,12.0,26.6
base_dqn_64x64_buf10k_bs32,2,281,3924.0,11.0,24.0
base_dqn_64x64_buf10k_bs32,2,282,3936.0,12.0,20.6
base_dqn_64x64_buf10k_bs32,2,283,3960.0,24.0,20.0
base_dqn_64x64_buf10k_bs32,2,284,4008.0,48.0,23.8
base_dqn_64x64_buf10k_bs32,2,285,4030.0,22.0,23.0
base_dqn_64x64_buf10k_bs32,2,286,4053.0,23.0,21.3
base_dqn_64x64_buf10k_bs32,2,287,4063.0,10.0,20.1
base_dqn_64x64_buf10k_bs32,2,288,4109.0,46.0,23.6
base_dqn_64x64_buf10k_bs32,2,289,4142.0,33.0,24.1
base_dqn_64x64_buf10k_bs32,2,290,4226.0,84.0,31.3
base_dqn_64x64_buf10k_bs32,2,291,4265.0,39.0,34.1
base_dqn_64x64_buf10k_bs32,2,292,4305.0,40.0,36.9
base_dqn_64x64_buf10k_bs32,2,293,4386.0,81.0,42.6
base_dqn_64x64_buf10k_bs32,2,294,4424.0,38.0,41.6
base_dqn_64x64_buf10k_bs32,2,295,4494.0,70.0,46.4
base_dqn_64x64_buf10k_bs32,2,296,4532.0,38.0,47.9
base_dqn_64x64_buf10k_bs32,2,297,4565.0,33.0,50.2
base_dqn_64x64_buf10k_bs32,2,298,4710.0,145.0,60.1
base_dqn_64x64_buf10k_bs32,2,299,4720.0,10.0,57.8
base_dqn_64x64_buf10k_bs32,2,300,4793.0,73.0,56.7
base_dqn_64x64_buf10k_bs32,2,301,4910.0,117.0,64.5
base_dqn_64x64_buf10k_bs32,2,302,4943.0,33.0,63.8
base_dqn_64x64_buf10k_bs32,2,303,4963.0,20.0,57.7
base_dqn_64x64_buf10k_bs32,2,304,5024.0,61.0,60.0
base_dqn_64x64_buf10k_bs32,2,305,5046.0,22.0,55.2
base_dqn_64x64_buf10k_bs32,2,306,5064.0,18.0,53.2
base_dqn_64x64_buf10k_bs32,2,307,5256.0,192.0,69.1
base_dqn_64x64_buf10k_bs32,2,308,5450.0,194.0,74.0
base_dqn_64x64_buf10k_bs32,2,309,5694.0,244.0,97.4
base_dqn_64x64_buf10k_bs32,2,310,5871.0,177.0,107.8
base_dqn_64x64_buf10k_bs32,2,311,6061.0,190.0,115.1
base_dqn_64x64_buf10k_bs32,2,312,6275.0,214.0,133.2
base_dqn_64x64_buf10k_bs32,2,313,6482.0,207.0,151.9
base_dqn_64x64_buf10k_bs32,2,314,6699.0,217.0,167.5
base_dqn_64x64_buf10k_bs32,2,315,6880.0,181.0,183.4
base_dqn_64x64_buf10k_bs32,2,316,7071.0,191.0,200.7
base_dqn_64x64_buf10k_bs32,2,317,7371.0,300.0,211.5
base_dqn_64x64_buf10k_bs32,2,318,7601.0,230.0,215.1
base_dqn_64x64_buf10k_bs32,2,319,7913.0,312.0,221.9
base_dqn_64x64_buf10k_bs32,2,320,8160.0,247.0,228.9
base_dqn_64x64_buf10k_bs32,2,321,8398.0,238.0,233.7
base_dqn_64x64_buf10k_bs32,2,322,8635.0,237.0,236.0
base_dqn_64x64_buf10k_bs32,2,323,9014.0,379.0,253.2
base_dqn_64x64_buf10k_bs32,2,324,9292.0,278.0,259.3
base_dqn_64x64_buf10k_bs32,2,325,9526.0,234.0,264.6
base_dqn_64x64_buf10k_bs32,2,326,9849.0,323.0,277.8
base_dqn_64x64_buf10k_bs32,2,327,10024.0,175.0,265.3
base_dqn_64x64_buf10k_bs32,2,328,10338.0,314.0,273.7
base_dqn_64x64_buf10k_bs32,2,329,10547.0,209.0,263.4
base_dqn_64x64_buf10k_bs32,2,330,10732.0,185.0,257.2
base_dqn_64x64_buf10k_bs32,2,331,10921.0,189.0,252.3
base_dqn_64x64_buf10k_bs32,2,332,11129.0,208.0,249.4
base_dqn_64x64_buf10k_bs32,2,333,11388.0,259.0,237.4
base_dqn_64x64_buf10k_bs32,2,334,11622.0,234.0,233.0
base_dqn_64x64_buf10k_bs32,2,335,11840.0,218.0,231.4
base_dqn_64x64_buf10k_bs32,2,336,12275.0,435.0,242.6
base_dqn_64x64_buf10k_bs32,2,337,12447.0,172.0,242.3
base_dqn_64x64_buf10k_bs32,2,338,12701.0,254.0,236.3
base_dqn_64x64_buf10k_bs32,2,339,12909.0,208.0,236.2
base_dqn_64x64_buf10k_bs32,2,340,13130.0,221.0,239.8
base_dqn_64x64_buf10k_bs32,2,341,13311.0,181.0,239.0
base_dqn_64x64_buf10k_bs32,2,342,13528.0,217.0,239.9
base_dqn_64x64_buf10k_bs32,2,343,13754.0,226.0,236.6
base_dqn_64x64_buf10k_bs32,2,344,14230.0,476.0,260.8
base_dqn_64x64_buf10k_bs32,2,345,14525.0,295.0,268.5
base_dqn_64x64_buf10k_bs32,2,346,14786.0,261.0,251.1
base_dqn_64x64_buf10k_bs32,2,347,15012.0,226.0,256.5
base_dqn_64x64_buf10k_bs32,2,348,15195.0,183.0,249.4
base_dqn_64x64_buf10k_bs32,2,349,15418.0,223.0,250.9
base_dqn_64x64_buf10k_bs32,2,350,15645.0,227.0,251.5
base_dqn_64x64_buf10k_bs32,2,351,15832.0,187.0,252.1
base_dqn_64x64_buf10k_bs32,2,352,16009.0,177.0,248.1
base_dqn_64x64_buf10k_bs32,2,353,16213.0,204.0,245.9
base_dqn_64x64_buf10k_bs32,2,354,16454.0,241.0,222.4
base_dqn_64x64_buf10k_bs32,2,355,16638.0,184.0,211.3
base_dqn_64x64_buf10k_bs32,2,356,16826.0,188.0,204.0
base_dqn_64x64_buf10k_bs32,2,357,17052.0,226.0,204.0
base_dqn_64x64_buf10k_bs32,2,358,17251.0,199.0,205.6
base_dqn_64x64_buf10k_bs32,2,359,17506.0,255.0,208.8
base_dqn_64x64_buf10k_bs32,2,360,17761.0,255.0,211.6
base_dqn_64x64_buf10k_bs32,2,361,17981.0,220.0,214.9
base_dqn_64x64_buf10k_bs32,2,362,18316.0,335.0,230.7
base_dqn_64x64_buf10k_bs32,2,363,18666.0,350.0,245.3
base_dqn_64x64_buf10k_bs32,2,364,18913.0,247.0,245.9
base_dqn_64x64_buf10k_bs32,2,365,19159.0,246.0,252.1
base_dqn_64x64_buf10k_bs32,2,366,19415.0,256.0,258.9
base_dqn_64x64_buf10k_bs32,2,367,19833.0,418.0,278.1
base_dqn_64x64_buf10k_bs32,3,1,17.0,17.0,17.0
base_dqn_64x64_buf10k_bs32,3,2,48.0,31.0,24.0
base_dqn_64x64_buf10k_bs32,3,3,67.0,19.0,22.333333333333332
base_dqn_64x64_buf10k_bs32,3,4,93.0,26.0,23.25
base_dqn_64x64_buf10k_bs32,3,5,115.0,22.0,23.0
base_dqn_64x64_buf10k_bs32,3,6,126.0,11.0,21.0
base_dqn_64x64_buf10k_bs32,3,7,141.0,15.0,20.142857142857142
base_dqn_64x64_buf10k_bs32,3,8,154.0,13.0,19.25
base_dqn_64x64_buf10k_bs32,3,9,184.0,30.0,20.444444444444443
base_dqn_64x64_buf10k_bs32,3,10,195.0,11.0,19.5
base_dqn_64x64_buf10k_bs32,3,11,208.0,13.0,19.1
base_dqn_64x64_buf10k_bs32,3,12,242.0,34.0,19.4
base_dqn_64x64_buf10k_bs32,3,13,281.0,39.0,21.4
base_dqn_64x64_buf10k_bs32,3,14,333.0,52.0,24.0
base_dqn_64x64_buf10k_bs32,3,15,363.0,30.0,24.8
base_dqn_64x64_buf10k_bs32,3,16,396.0,33.0,27.0
base_dqn_64x64_buf10k_bs32,3,17,454.0,58.0,31.3
base_dqn_64x64_buf10k_bs32,3,18,531.0,77.0,37.7
base_dqn_64x64_buf10k_bs32,3,19,594.0,63.0,41.0
base_dqn_64x64_buf10k_bs32,3,20,668.0,74.0,47.3
base_dqn_64x64_buf10k_bs32,3,21,699.0,31.0,49.1
base_dqn_64x64_buf10k_bs32,3,22,727.0,28.0,48.5
base_dqn_64x64_buf10k_bs32,3,23,757.0,30.0,47.6
base_dqn_64x64_buf10k_bs32,3,24,780.0,23.0,44.7
base_dqn_64x64_buf10k_bs32,3,25,818.0,38.0,45.5
base_dqn_64x64_buf10k_bs32,3,26,841.0,23.0,44.5
base_dqn_64x64_buf10k_bs32,3,27,878.0,37.0,42.4
base_dqn_64x64_buf10k_bs32,3,28,898.0,20.0,36.7
base_dqn_64x64_buf10k_bs32,3,29,928.0,30.0,33.4
base_dqn_64x64_buf10k_bs32,3,30,955.0,27.0,28.7
base_dqn_64x64_buf10k_bs32,3,31,976.0,21.0,27.7
base_dqn_64x64_buf10k_bs32,3,32,1003.0,27.0,27.6
base_dqn_64x64_buf10k_bs32,3,33,1024.0,21.0,26.7
base_dqn_64x64_buf10k_bs32,3,34,1039.0,15.0,25.9
base_dqn_64x64_buf10k_bs32,3,35,1066.0,27.0,24.8
base_dqn_64x64_buf10k_bs32,3,36,1082.0,16.0,24.1
base_dqn_64x64_buf10k_bs32,3,37,1097.0,15.0,21.9
base_dqn_64x64_buf10k_bs32,3,38,1106.0,9.0,20.8
base_dqn_64x64_buf10k_bs32,3,39,1125.0,19.0,19.7
base_dqn_64x64_buf10k_bs32,3,40,1136.0,11.0,18.1
base_dqn_64x64_buf10k_bs32,3,41,1147.0,11.0,17.1
base_dqn_64x64_buf10k_bs32,3,42,1170.0,23.0,16.7
base_dqn_64x64_buf10k_bs32,3,43,1195.0,25.0,17.1
base_dqn_64x64_buf10k_bs32,3,44,1210.0,15.0,17.1
base_dqn_64x64_buf10k_bs32,3,45,1234.0,24.0,16.8
base_dqn_64x64_buf10k_bs32,3,46,1256.0,22.0,17.4
base_dqn_64x64_buf10k_bs32,3,47,1265.0,9.0,16.8
base_dqn_64x64_buf10k_bs32,3,48,1295.0,30.0,18.9
base_dqn_64x64_buf10k_bs32,3,49,1315.0,20.0,19.0
base_dqn_64x64_buf10k_bs32,3,50,1328.0,13.0,19.2
base_dqn_64x64_buf10k_bs32,3,51,1348.0,20.0,20.1
base_dqn_64x64_buf10k_bs32,3,52,1358.0,10.0,18.8
base_dqn_64x64_buf10k_bs32,3,53,1368.0,10.0,17.3
base_dqn_64x64_buf10k_bs32,3,54,1397.0,29.0,18.7
base_dqn_64x64_buf10k_bs32,3,55,1406.0,9.0,17.2
base_dqn_64x64_buf10k_bs32,3,56,1437.0,31.0,18.1
base_dqn_64x64_buf10k_bs32,3,57,1463.0,26.0,19.8
base_dqn_64x64_buf10k_bs32,3,58,1474.0,11.0,17.9
base_dqn_64x64_buf10k_bs32,3,59,1491.0,17.0,17.6
base_dqn_64x64_buf10k_bs32,3,60,1518.0,27.0,19.0
base_dqn_64x64_buf10k_bs32,3,61,1555.0,37.0,20.7
base_dqn_64x64_buf10k_bs32,3,62,1568.0,13.0,21.0
base_dqn_64x64_buf10k_bs32,3,63,1604.0,36.0,23.6
base_dqn_64x64_buf10k_bs32,3,64,1614.0,10.0,21.7
base_dqn_64x64_buf10k_bs32,3,65,1646.0,32.0,24.0
base_dqn_64x64_buf10k_bs32,3,66,1668.0,22.0,23.1
base_dqn_64x64_buf10k_bs32,3,67,1685.0,17.0,22.2
base_dqn_64x64_buf10k_bs32,3,68,1699.0,14.0,22.5
base_dqn_64x64_buf10k_bs32,3,69,1707.0,8.0,21.6
base_dqn_64x64_buf10k_bs32,3,70,1717.0,10.0,19.9
base_dqn_64x64_buf10k_bs32,3,71,1734.0,17.0,17.9
base_dqn_64x64_buf10k_bs32,3,72,1743.0,9.0,17.5
base_dqn_64x64_buf10k_bs32,3,73,1752.0,9.0,14.8
base_dqn_64x64_buf10k_bs32,3,74,1767.0,15.0,15.3
base_dqn_64x64_buf10k_bs32,3,75,1811.0,44.0,16.5
base_dqn_64x64_buf10k_bs32,3,76,1820.0,9.0,15.2
base_dqn_64x64_buf10k_bs32,3,77,1852.0,32.0,16.7
base_dqn_64x64_buf10k_bs32,3,78,1900.0,48.0,20.1
base_dqn_64x64_buf10k_bs32,3,79,1913.0,13.0,20.6
base_dqn_64x64_buf10k_bs32,3,80,1960.0,47.0,24.3
base_dqn_64x64_buf10k_bs32,3,81,1972.0,12.0,23.8
base_dqn_64x64_buf10k_bs32,3,82,1982.0,10.0,23.9
base_dqn_64x64_buf10k_bs32,3,83,1995.0,13.0,24.3
base_dqn_64x64_buf10k_bs32,3,84,2005.0,10.0,23.8
base_dqn_64x64_buf10k_bs32,3,85,2017.0,12.0,20.6
base_dqn_64x64_buf10k_bs32,3,86,2031.0,14.0,21.1
base_dqn_64x64_buf10k_bs32,3,87,2039.0,8.0,18.7
base_dqn_64x64_buf10k_bs32,3,88,2072.0,33.0,17.2
base_dqn_64x64_buf10k_bs32,3,89,2085.0,13.0,17.2
base_dqn_64x64_buf10k_bs32,3,90,2095.0,10.0,13.5
base_dqn_64x64_buf10k_bs32,3,91,2120.0,25.0,14.8
base_dqn_64x64_buf10k_bs32,3,92,2137.0,17.0,15.5
base_dqn_64x64_buf10k_bs32,3,93,2147.0,10.0,15.2
base_dqn_64x64_buf10k_bs32,3,94,2158.0,11.0,15.3
base_dqn_64x64_buf10k_bs32,3,95,2173.0,15.0,15.6
base_dqn_64x64_buf10k_bs32,3,96,2187.0,14.0,15.6
base_dqn_64x64_buf10k_bs32,3,97,2196.0,9.0,15.7
base_dqn_64x64_buf10k_bs32,3,98,2210.0,14.0,13.8
base_dqn_64x64_buf10k_bs32,3,99,2219.0,9.0,13.4
base_dqn_64x64_buf10k_bs32,3,100,2233.0,14.0,13.8
base_dqn_64x64_buf10k_bs32,3,101,2258.0,25.0,13.8
base_dqn_64x64_buf10k_bs32,3,102,2292.0,34.0,15.5
base_dqn_64x64_buf10k_bs32,3,103,2312.0,20.0,16.5
base_dqn_64x64_buf10k_bs32,3,104,2341.0,29.0,18.3
base_dqn_64x64_buf10k_bs32,3,105,2352.0,11.0,17.9
base_dqn_64x64_buf10k_bs32,3,106,2374.0,22.0,18.7
base_dqn_64x64_buf10k_bs32,3,107,2389.0,15.0,19.3
base_dqn_64x64_buf10k_bs32,3,108,2406.0,17.0,19.6
base_dqn_64x64_buf10k_bs32,3,109,2419.0,13.0,20.0
base_dqn_64x64_buf10k_bs32,3,110,2453.0,34.0,22.0
base_dqn_64x64_buf10k_bs32,3,111,2461.0,8.0,20.3
base_dqn_64x64_buf10k_bs32,3,112,2473.0,12.0,18.1
base_dqn_64x64_buf10k_bs32,3,113,2483.0,10.0,17.1
base_dqn_64x64_buf10k_bs32,3,114,2505.0,22.0,16.4
base_dqn_64x64_buf10k_bs32,3,115,2532.0,27.0,18.0
base_dqn_64x64_buf10k_bs32,3,116,2570.0,38.0,19.6
base_dqn_64x64_buf10k_bs32,3,117,2580.0,10.0,19.1
base_dqn_64x64_buf10k_bs32,3,118,2609.0,29.0,20.3
base_dqn_64x64_buf10k_bs32,3,119,2618.0,9.0,19.9
base_dqn_64x64_buf10k_bs32,3,120,2630.0,12.0,17.7
base_dqn_64x64_buf10k_bs32,3,121,2656.0,26.0,19.5
base_dqn_64x64_buf10k_bs32,3,122,2676.0,20.0,20.3
base_dqn_64x64_buf10k_bs32,3,123,2685.0,9.0,20.2
base_dqn_64x64_buf10k_bs32,3,124,2711.0,26.0,20.6
base_dqn_64x64_buf10k_bs32,3,125,2723.0,12.0,19.1
base_dqn_64x64_buf10k_bs32,3,126,2758.0,35.0,18.8
base_dqn_64x64_buf10k_bs32,3,127,2767.0,9.0,18.7
base_dqn_64x64_buf10k_bs32,3,128,2798.0,31.0,18.9
base_dqn_64x64_buf10k_bs32,3,129,2807.0,9.0,18.9
base_dqn_64x64_buf10k_bs32,3,130,2817.0,10.0,18.7
base_dqn_64x64_buf10k_bs32,3,131,2826.0,9.0,17.0
base_dqn_64x64_buf10k_bs32,3,132,2836.0,10.0,16.0
base_dqn_64x64_buf10k_bs32,3,133,2848.0,12.0,16.3
base_dqn_64x64_buf10k_bs32,3,134,2863.0,15.0,15.2
base_dqn_64x64_buf10k_bs32,3,135,2871.0,8.0,14.8
base_dqn_64x64_buf10k_bs32,3,136,2888.0,17.0,13.0
base_dqn_64x64_buf10k_bs32,3,137,2913.0,25.0,14.6
base_dqn_64x64_buf10k_bs32,3,138,2922.0,9.0,12.4
base_dqn_64x64_buf10k_bs32,3,139,2938.0,16.0,13.1
base_dqn_64x64_buf10k_bs32,3,140,2954.0,16.0,13.7
base_dqn_64x64_buf10k_bs32,3,141,2972.0,18.0,14.6
base_dqn_64x64_buf10k_bs32,3,142,2990.0,18.0,15.4
base_dqn_64x64_buf10k_bs32,3,143,3005.0,15.0,15.7
base_dqn_64x64_buf10k_bs32,3,144,3023.0,18.0,16.0
base_dqn_64x64_buf10k_bs32,3,145,3036.0,13.0,16.5
base_dqn_64x64_buf10k_bs32,3,146,3049.0,13.0,16.1
base_dqn_64x64_buf10k_bs32,3,147,3064.0,15.0,15.1
base_dqn_64x64_buf10k_bs32,3,148,3074.0,10.0,15.2
base_dqn_64x64_buf10k_bs32,3,149,3084.0,10.0,14.6
base_dqn_64x64_buf10k_bs32,3,150,3116.0,32.0,16.2
base_dqn_64x64_buf10k_bs32,3,151,3215.0,99.0,24.3
base_dqn_64x64_buf10k_bs32,3,152,3228.0,13.0,23.8
base_dqn_64x64_buf10k_bs32,3,153,3296.0,68.0,29.1
base_dqn_64x64_buf10k_bs32,3,154,3313.0,17.0,29.0
base_dqn_64x64_buf10k_bs32,3,155,3362.0,49.0,32.6
base_dqn_64x64_buf10k_bs32,3,156,3421.0,59.0,37.2
base_dqn_64x64_buf10k_bs32,3,157,3439.0,18.0,37.5
base_dqn_64x64_buf10k_bs32,3,158,3488.0,49.0,41.4
base_dqn_64x64_buf10k_bs32,3,159,3534.0,46.0,45.0
base_dqn_64x64_buf10k_bs32,3,160,3667.0,133.0,55.1
base_dqn_64x64_buf10k_bs32,3,161,3681.0,14.0,46.6
base_dqn_64x64_buf10k_bs32,3,162,3714.0,33.0,48.6
base_dqn_64x64_buf10k_bs32,3,163,3778.0,64.0,48.2
base_dqn_64x64_buf10k_bs32,3,164,3820.0,42.0,50.7
base_dqn_64x64_buf10k_bs32,3,165,3861.0,41.0,49.9
base_dqn_64x64_buf10k_bs32,3,166,3880.0,19.0,45.9
base_dqn_64x64_buf10k_bs32,3,167,3896.0,16.0,45.7
base_dqn_64x64_buf10k_bs32,3,168,3964.0,68.0,47.6
base_dqn_64x64_buf10k_bs32,3,169,4041.0,77.0,50.7
base_dqn_64x64_buf10k_bs32,3,170,4062.0,21.0,39.5
base_dqn_64x64_buf10k_bs32,3,171,4076.0,14.0,39.5
base_dqn_64x64_buf10k_bs32,3,172,4171.0,95.0,45.7
base_dqn_64x64_buf10k_bs32,3,173,4246.0,75.0,46.8
base_dqn_64x64_buf10k_bs32,3,174,4344.0,98.0,52.4
base_dqn_64x64_buf10k_bs32,3,175,4452.0,108.0,59.1
base_dqn_64x64_buf10k_bs32,3,176,4529.0,77.0,64.9
base_dqn_64x64_buf10k_bs32,3,177,4676.0,147.0,78.0
base_dqn_64x64_buf10k_bs32,3,178,4689.0,13.0,72.5
base_dqn_64x64_buf10k_bs32,3,179,4872.0,183.0,83.1
base_dqn_64x64_buf10k_bs32,3,180,4907.0,35.0,84.5
base_dqn_64x64_buf10k_bs32,3,181,4977.0,70.0,90.1
base_dqn_64x64_buf10k_bs32,3,182,5084.0,107.0,91.3
base_dqn_64x64_buf10k_bs32,3,183,5138.0,54.0,89.2
base_dqn_64x64_buf10k_bs32,3,184,5196.0,58.0,85.2
base_dqn_64x64_buf10k_bs32,3,185,5247.0,51.0,79.5
base_dqn_64x64_buf10k_bs32,3,186,5336.0,89.0,80.7
base_dqn_64x64_buf10k_bs32,3,187,5471.0,135.0,79.5
base_dqn_64x64_buf10k_bs32,3,188,5530.0,59.0,84.1
base_dqn_64x64_buf10k_bs32,3,189,5719.0,189.0,84.7
base_dqn_64x64_buf10k_bs32,3,190,5863.0,144.0,95.6
base_dqn_64x64_buf10k_bs32,3,191,5977.0,114.0,100.0
base_dqn_64x64_buf10k_bs32,3,192,6120.0,143.0,103.6
base_dqn_64x64_buf10k_bs32,3,193,6253.0,133.0,111.5
base_dqn_64x64_buf10k_bs32,3,194,6367.0,114.0,117.1
base_dqn_64x64_buf10k_bs32,3,195,6495.0,128.0,124.8
base_dqn_64x64_buf10k_bs32,3,196,6630.0,135.0,129.4
base_dqn_64x64_buf10k_bs32,3,197,6764.0,134.0,129.3
base_dqn_64x64_buf10k_bs32,3,198,6917.0,153.0,138.7
base_dqn_64x64_buf10k_bs32,3,199,7084.0,167.0,136.5
base_dqn_64x64_buf10k_bs32,3,200,7242.0,158.0,137.9
base_dqn_64x64_buf10k_bs32,3,201,7413.0,171.0,143.6
base_dqn_64x64_buf10k_bs32,3,202,7549.0,136.0,142.9
base_dqn_64x64_buf10k_bs32,3,203,7692.0,143.0,143.9
base_dqn_64x64_buf10k_bs32,3,204,7836.0,144.0,146.9
base_dqn_64x64_buf10k_bs32,3,205,8015.0,179.0,152.0
base_dqn_64x64_buf10k_bs32,3,206,8175.0,160.0,154.5
base_dqn_64x64_buf10k_bs32,3,207,8381.0,206.0,161.7
base_dqn_64x64_buf10k_bs32,3,208,8595.0,214.0,167.8
base_dqn_64x64_buf10k_bs32,3,209,8836.0,241.0,175.2
base_dqn_64x64_buf10k_bs32,3,210,8997.0,161.0,175.5
base_dqn_64x64_buf10k_bs32,3,211,9261.0,264.0,184.8
base_dqn_64x64_buf10k_bs32,3,212,9441.0,180.0,189.2
base_dqn_64x64_buf10k_bs32,3,213,9624.0,183.0,193.2
base_dqn_64x64_buf10k_bs32,3,214,9813.0,189.0,197.7
base_dqn_64x64_buf10k_bs32,3,215,9992.0,179.0,197.7
base_dqn_64x64_buf10k_bs32,3,216,10235.0,243.0,206.0
base_dqn_64x64_buf10k_bs32,3,217,10431.0,196.0,205.0
base_dqn_64x64_buf10k_bs32,3,218,10621.0,190.0,202.6
base_dqn_64x64_buf10k_bs32,3,219,10834.0,213.0,199.8
base_dqn_64x64_buf10k_bs32,3,220,11091.0,257.0,209.4
base_dqn_64x64_buf10k_bs32,3,221,11275.0,184.0,201.4
base_dqn_64x64_buf10k_bs32,3,222,11534.0,259.0,209.3
base_dqn_64x64_buf10k_bs32,3,223,11716.0,182.0,209.2
base_dqn_64x64_buf10k_bs32,3,224,11884.0,168.0,207.1
base_dqn_64x64_buf10k_bs32,3,225,12133.0,249.0,214.1
base_dqn_64x64_buf10k_bs32,3,226,12370.0,237.0,213.5
base_dqn_64x64_buf10k_bs32,3,227,12590.0,220.0,215.9
base_dqn_64x64_buf10k_bs32,3,228,12805.0,215.0,218.4
base_dqn_64x64_buf10k_bs32,3,229,13116.0,311.0,228.2
base_dqn_64x64_buf10k_bs32,3,230,13318.0,202.0,222.7
base_dqn_64x64_buf10k_bs32,3,231,13536.0,218.0,226.1
base_dqn_64x64_buf10k_bs32,3,232,13829.0,293.0,229.5
base_dqn_64x64_buf10k_bs32,3,233,14047.0,218.0,233.1
base_dqn_64x64_buf10k_bs32,3,234,14275.0,228.0,239.1
base_dqn_64x64_buf10k_bs32,3,235,14483.0,208.0,235.0
base_dqn_64x64_buf10k_bs32,3,236,14682.0,199.0,231.2
base_dqn_64x64_buf10k_bs32,3,237,14866.0,184.0,227.6
base_dqn_64x64_buf10k_bs32,3,238,15100.0,234.0,229.5
base_dqn_64x64_buf10k_bs32,3,239,15304.0,204.0,218.8
base_dqn_64x64_buf10k_bs32,3,240,15622.0,318.0,230.4
base_dqn_64x64_buf10k_bs32,3,241,15819.0,197.0,228.3
base_dqn_64x64_buf10k_bs32,3,242,16061.0,242.0,223.2
base_dqn_64x64_buf10k_bs32,3,243,16275.0,214.0,222.8
base_dqn_64x64_buf10k_bs32,3,244,16472.0,197.0,219.7
base_dqn_64x64_buf10k_bs32,3,245,16662.0,190.0,217.9
base_dqn_64x64_buf10k_bs32,3,246,16862.0,200.0,218.0
base_dqn_64x64_buf10k_bs32,3,247,17063.0,201.0,219.7
base_dqn_64x64_buf10k_bs32,3,248,17271.0,208.0,217.1
base_dqn_64x64_buf10k_bs32,3,249,17454.0,183.0,215.0
base_dqn_64x64_buf10k_bs32,3,250,17645.0,191.0,202.3
base_dqn_64x64_buf10k_bs32,3,251,17875.0,230.0,205.6
base_dqn_64x64_buf10k_bs32,3,252,18075.0,200.0,201.4
base_dqn_64x64_buf10k_bs32,3,253,18274.0,199.0,199.9
base_dqn_64x64_buf10k_bs32,3,254,18444.0,170.0,197.2
base_dqn_64x64_buf10k_bs32,3,255,18635.0,191.0,197.3
base_dqn_64x64_buf10k_bs32,3,256,18813.0,178.0,195.1
base_dqn_64x64_buf10k_bs32,3,257,18996.0,183.0,193.3
base_dqn_64x64_buf10k_bs32,3,258,19181.0,185.0,191.0
base_dqn_64x64_buf10k_bs32,3,259,19422.0,241.0,196.8
base_dqn_64x64_buf10k_bs32,3,260,19631.0,209.0,198.6
base_dqn_64x64_buf10k_bs32,3,261,19810.0,179.0,193.5
base_dqn_64x64_buf10k_bs32,3,262,19998.0,188.0,192.3
base_dqn_64x64_buf10k_bs32,4,1,11.0,11.0,11.0
base_dqn_64x64_buf10k_bs32,4,2,31.0,20.0,15.5
base_dqn_64x64_buf10k_bs32,4,3,44.0,13.0,14.666666666666666
base_dqn_64x64_buf10k_bs32,4,4,61.0,17.0,15.25
base_dqn_64x64_buf10k_bs32,4,5,80.0,19.0,16.0
base_dqn_64x64_buf10k_bs32,4,6,103.0,23.0,17.166666666666668
base_dqn_64x64_buf10k_bs32,4,7,125.0,22.0,17.857142857142858
base_dqn_64x64_buf10k_bs32,4,8,161.0,36.0,20.125
base_dqn_64x64_buf10k_bs32,4,9,176.0,15.0,19.555555555555557
base_dqn_64x64_buf10k_bs32,4,10,194.0,18.0,19.4
base_dqn_64x64_buf10k_bs32,4,11,203.0,9.0,19.2
base_dqn_64x64_buf10k_bs32,4,12,214.0,11.0,18.3
base_dqn_64x64_buf10k_bs32,4,13,246.0,32.0,20.2
base_dqn_64x64_buf10k_bs32,4,14,258.0,12.0,19.7
base_dqn_64x64_buf10k_bs32,4,15,269.0,11.0,18.9
base_dqn_64x64_buf10k_bs32,4,16,281.0,12.0,17.8
base_dqn_64x64_buf10k_bs32,4,17,293.0,12.0,16.8
base_dqn_64x64_buf10k_bs32,4,18,304.0,11.0,14.3
base_dqn_64x64_buf10k_bs32,4,19,338.0,34.0,16.2
base_dqn_64x64_buf10k_bs32,4,20,349.0,11.0,15.5
base_dqn_64x64_buf10k_bs32,4,21,359.0,10.0,15.6
base_dqn_64x64_buf10k_bs32,4,22,375.0,16.0,16.1
base_dqn_64x64_buf10k_bs32,4,23,385.0,10.0,13.9
base_dqn_64x64_buf10k_bs32,4,24,395.0,10.0,13.7
base_dqn_64x64_buf10k_bs32,4,25,404.0,9.0,13.5
base_dqn_64x64_buf10k_bs32,4,26,414.0,10.0,13.3
base_dqn_64x64_buf10k_bs32,4,27,423.0,9.0,13.0
base_dqn_64x64_buf10k_bs32,4,28,435.0,12.0,13.1
base_dqn_64x64_buf10k_bs32,4,29,446.0,11.0,10.8
base_dqn_64x64_buf10k_bs32,4,30,458.0,12.0,10.9
base_dqn_64x64_buf10k_bs32,4,31,469.0,11.0,11.0
base_dqn_64x64_buf10k_bs32,4,32,485.0,16.0,11.0
base_dqn_64x64_buf10k_bs32,4,33,498.0,13.0,11.3
base_dqn_64x64_buf10k_bs32,4,34,508.0,10.0,11.3
base_dqn_64x64_buf10k_bs32,4,35,521.0,13.0,11.7
base_dqn_64x64_buf10k_bs32,4,36,531.0,10.0,11.7
base_dqn_64x64_buf10k_bs32,4,37,544.0,13.0,12.1
base_dqn_64x64_buf10k_bs32,4,38,554.0,10.0,11.9
base_dqn_64x64_buf10k_bs32,4,39,563.0,9.0,11.7
base_dqn_64x64_buf10k_bs32,4,40,577.0,14.0,11.9
base_dqn_64x64_buf10k_bs32,4,41,587.0,10.0,11.8
base_dqn_64x64_buf10k_bs32,4,42,601.0,14.0,11.6
base_dqn_64x64_buf10k_bs32,4,43,612.0,11.0,11.4
base_dqn_64x64_buf10k_bs32,4,44,620.0,8.0,11.2
base_dqn_64x64_buf10k_bs32,4,45,633.0,13.0,11.2
base_dqn_64x64_buf10k_bs32,4,46,644.0,11.0,11.3
base_dqn_64x64_buf10k_bs32,4,47,656.0,12.0,11.2
base_dqn_64x64_buf10k_bs32,4,48,669.0,13.0,11.5
base_dqn_64x64_buf10k_bs32,4,49,678.0,9.0,11.5
base_dqn_64x64_buf10k_bs32,4,50,693.0,15.0,11.6
base_dqn_64x64_buf10k_bs32,4,51,705.0,12.0,11.8
base_dqn_64x64_buf10k_bs32,4,52,718.0,13.0,11.7
base_dqn_64x64_buf10k_bs32,4,53,727.0,9.0,11.5
base_dqn_64x64_buf10k_bs32,4,54,736.0,9.0,11.6
base_dqn_64x64_buf10k_bs32,4,55,748.0,12.0,11.5
base_dqn_64x64_buf10k_bs32,4,56,759.0,11.0,11.5
base_dqn_64x64_buf10k_bs32,4,57,771.0,12.0,11.5
base_dqn_64x64_buf10k_bs32,4,58,784.0,13.0,11.5
base_dqn_64x64_buf10k_bs32,4,59,795.0,11.0,11.7
base_dqn_64x64_buf10k_bs32,4,60,805.0,10.0,11.2
base_dqn_64x64_buf10k_bs32,4,61,814.0,9.0,10.9
base_dqn_64x64_buf10k_bs32,4,62,825.0,11.0,10.7
base_dqn_64x64_buf10k_bs32,4,63,836.0,11.0,10.9
base_dqn_64x64_buf10k_bs32,4,64,846.0,10.0,11.0
base_dqn_64x64_buf10k_bs32,4,65,855.0,9.0,10.7
base_dqn_64x64_buf10k_bs32,4,66,864.0,9.0,10.5
base_dqn_64x64_buf10k_bs32,4,67,874.0,10.0,10.3
base_dqn_64x64_buf10k_bs32,4,68,884.0,10.0,10.0
base_dqn_64x64_buf10k_bs32,4,69,894.0,10.0,9.9
base_dqn_64x64_buf10k_bs32,4,70,903.0,9.0,9.8
base_dqn_64x64_buf10k_bs32,4,71,914.0,11.0,10.0
base_dqn_64x64_buf10k_bs32,4,72,926.0,12.0,10.1
base_dqn_64x64_buf10k_bs32,4,73,936.0,10.0,10.0
base_dqn_64x64_buf10k_bs32,4,74,947.0,11.0,10.1
base_dqn_64x64_buf10k_bs32,4,75,960.0,13.0,10.5
base_dqn_64x64_buf10k_bs32,4,76,973.0,13.0,10.9
base_dqn_64x64_buf10k_bs32,4,77,982.0,9.0,10.8
base_dqn_64x64_buf10k_bs32,4,78,995.0,13.0,11.1
base_dqn_64x64_buf10k_bs32,4,79,1004.0,9.0,11.0
base_dqn_64x64_buf10k_bs32,4,80,1014.0,10.0,11.1
base_dqn_64x64_buf10k_bs32,4,81,1022.0,8.0,10.8
base_dqn_64x64_buf10k_bs32,4,82,1030.0,8.0,10.4
base_dqn_64x64_buf10k_bs32,4,83,1041.0,11.0,10.5
base_dqn_64x64_buf10k_bs32,4,84,1082.0,41.0,13.5
base_dqn_64x64_buf10k_bs32,4,85,1091.0,9.0,13.1
base_dqn_64x64_buf10k_bs32,4,86,1101.0,10.0,12.8
base_dqn_64x64_buf10k_bs32,4,87,1109.0,8.0,12.7
base_dqn_64x64_buf10k_bs32,4,88,1119.0,10.0,12.4
base_dqn_64x64_buf10k_bs32,4,89,1129.0,10.0,12.5
base_dqn_64x64_buf10k_bs32,4,90,1137.0,8.0,12.3
base_dqn_64x64_buf10k_bs32,4,91,1148.0,11.0,12.6
base_dqn_64x64_buf10k_bs32,4,92,1158.0,10.0,12.8
base_dqn_64x64_buf10k_bs32,4,93,1167.0,9.0,12.6
base_dqn_64x64_buf10k_bs32,4,94,1178.0,11.0,9.6
base_dqn_64x64_buf10k_bs32,4,95,1188.0,10.0,9.7
base_dqn_64x64_buf10k_bs32,4,96,1199.0,11.0,9.8
base_dqn_64x64_buf10k_bs32,4,97,1208.0,9.0,9.9
base_dqn_64x64_buf10k_bs32,4,98,1217.0,9.0,9.8
base_dqn_64x64_buf10k_bs32,4,99,1227.0,10.0,9.8
base_dqn_64x64_buf10k_bs32,4,100,1236.0,9.0,9.9
base_dqn_64x64_buf10k_bs32,4,101,1247.0,11.0,9.9
base_dqn_64x64_buf10k_bs32,4,102,1257.0,10.0,9.9
base_dqn_64x64_buf10k_bs32,4,103,1266.0,9.0,9.9
base_dqn_64x64_buf10k_bs32,4,104,1276.0,10.0,9.8
base_dqn_64x64_buf10k_bs32,4,105,1287.0,11.0,9.9
base_dqn_64x64_buf10k_bs32,4,106,1297.0,10.0,9.8
base_dqn_64x64_buf10k_bs32,4,107,1306.0,9.0,9.8
base_dqn_64x64_buf10k_bs32,4,108,1315.0,9.0,9.8
base_dqn_64x64_buf10k_bs32,4,109,1325.0,10.0,9.8
base_dqn_64x64_buf10k_bs32,4,110,1338.0,13.0,10.2
base_dqn_64x64_buf10k_bs32,4,111,1347.0,9.0,10.0
base_dqn_64x64_buf10k_bs32,4,112,1356.0,9.0,9.9
base_dqn_64x64_buf10k_bs32,4,113,1365.0,9.0,9.9
base_dqn_64x64_buf10k_bs32,4,114,1373.0,8.0,9.7
base_dqn_64x64_buf10k_bs32,4,115,1383.0,10.0,9.6
base_dqn_64x64_buf10k_bs32,4,116,1395.0,12.0,9.8
base_dqn_64x64_buf10k_bs32,4,117,1406.0,11.0,10.0
base_dqn_64x64_buf10k_bs32,4,118,1414.0,8.0,9.9
base_dqn_64x64_buf10k_bs32,4,119,1423.0,9.0,9.8
base_dqn_64x64_buf10k_bs32,4,120,1431.0,8.0,9.3
base_dqn_64x64_buf10k_bs32,4,121,1442.0,11.0,9.5
base_dqn_64x64_buf10k_bs32,4,122,1451.0,9.0,9.5
base_dqn_64x64_buf10k_bs32,4,123,1459.0,8.0,9.4
base_dqn_64x64_buf10k_bs32,4,124,1469.0,10.0,9.6
base_dqn_64x64_buf10k_bs32,4,125,1480.0,11.0,9.7
base_dqn_64x64_buf10k_bs32,4,126,1489.0,9.0,9.4
base_dqn_64x64_buf10k_bs32,4,127,1499.0,10.0,9.3
base_dqn_64x64_buf10k_bs32,4,128,1508.0,9.0,9.4
base_dqn_64x64_buf10k_bs32,4,129,1518.0,10.0,9.5
base_dqn_64x64_buf10k_bs32,4,130,1528.0,10.0,9.7
base_dqn_64x64_buf10k_bs32,4,131,1552.0,24.0,11.0
base_dqn_64x64_buf10k_bs32,4,132,1563.0,11.0,11.2
base_dqn_64x64_buf10k_bs32,4,133,1573.0,10.0,11.4
base_dqn_64x64_buf10k_bs32,4,134,1583.0,10.0,11.4
base_dqn_64x64_buf10k_bs32,4,135,1596.0,13.0,11.6
base_dqn_64x64_buf10k_bs32,4,136,1608.0,12.0,11.9
base_dqn_64x64_buf10k_bs32,4,137,1618.0,10.0,11.9
base_dqn_64x64_buf10k_bs32,4,138,1626.0,8.0,11.8
base_dqn_64x64_buf10k_bs32,4,139,1635.0,9.0,11.7
base_dqn_64x64_buf10k_bs32,4,140,1644.0,9.0,11.6
base_dqn_64x64_buf10k_bs32,4,141,1654.0,10.0,10.2
base_dqn_64x64_buf10k_bs32,4,142,1664.0,10.0,10.1
base_dqn_64x64_buf10k_bs32,4,143,1675.0,11.0,10.2
base_dqn_64x64_buf10k_bs32,4,144,1684.0,9.0,10.1
base_dqn_64x64_buf10k_bs32,4,145,1693.0,9.0,9.7
base_dqn_64x64_buf10k_bs32,4,146,1703.0,10.0,9.5
base_dqn_64x64_buf10k_bs32,4,147,1713.0,10.0,9.5
base_dqn_64x64_buf10k_bs32,4,148,1722.0,9.0,9.6
base_dqn_64x64_buf10k_bs32,4,149,1732.0,10.0,9.7
base_dqn_64x64_buf10k_bs32,4,150,1741.0,9.0,9.7
base_dqn_64x64_buf10k_bs32,4,151,1751.0,10.0,9.7
base_dqn_64x64_buf10k_bs32,4,152,1761.0,10.0,9.7
base_dqn_64x64_buf10k_bs32,4,153,1770.0,9.0,9.5
base_dqn_64x64_buf10k_bs32,4,154,1779.0,9.0,9.5
base_dqn_64x64_buf10k_bs32,4,155,1789.0,10.0,9.6
base_dqn_64x64_buf10k_bs32,4,156,1798.0,9.0,9.5
base_dqn_64x64_buf10k_bs32,4,157,1806.0,8.0,9.3
base_dqn_64x64_buf10k_bs32,4,158,1815.0,9.0,9.3
base_dqn_64x64_buf10k_bs32,4,159,1824.0,9.0,9.2
base_dqn_64x64_buf10k_bs32,4,160,1834.0,10.0,9.3
base_dqn_64x64_buf10k_bs32,4,161,1845.0,11.0,9.4
base_dqn_64x64_buf10k_bs32,4,162,1855.0,10.0,9.4
base_dqn_64x64_buf10k_bs32,4,163,1863.0,8.0,9.3
base_dqn_64x64_buf10k_bs32,4,164,1872.0,9.0,9.3
base_dqn_64x64_buf10k_bs32,4,165,1881.0,9.0,9.2
base_dqn_64x64_buf10k_bs32,4,166,1889.0,8.0,9.1
base_dqn_64x64_buf10k_bs32,4,167,1899.0,10.0,9.3
base_dqn_64x64_buf10k_bs32,4,168,1909.0,10.0,9.4
base_dqn_64x64_buf10k_bs32,4,169,1918.0,9.0,9.4
base_dqn_64x64_buf10k_bs32,4,170,1929.0,11.0,9.5
base_dqn_64x64_buf10k_bs32,4,171,1938.0,9.0,9.3
base_dqn_64x64_buf10k_bs32,4,172,1947.0,9.0,9.2
base_dqn_64x64_buf10k_bs32,4,173,1957.0,10.0,9.4
base_dqn_64x64_buf10k_bs32,4,174,1983.0,26.0,11.1
base_dqn_64x64_buf10k_bs32,4,175,1993.0,10.0,11.2
base_dqn_64x64_buf10k_bs32,4,176,2003.0,10.0,11.4
base_dqn_64x64_buf10k_bs32,4,177,2014.0,11.0,11.5
base_dqn_64x64_buf10k_bs32,4,178,2023.0,9.0,11.4
base_dqn_64x64_buf10k_bs32,4,179,2032.0,9.0,11.4
base_dqn_64x64_buf10k_bs32,4,180,2041.0,9.0,11.2
base_dqn_64x64_buf10k_bs32,4,181,2050.0,9.0,11.2
base_dqn_64x64_buf10k_bs32,4,182,2077.0,27.0,13.0
base_dqn_64x64_buf10k_bs32,4,183,2087.0,10.0,13.0
base_dqn_64x64_buf10k_bs32,4,184,2097.0,10.0,11.4
base_dqn_64x64_buf10k_bs32,4,185,2106.0,9.0,11.3
base_dqn_64x64_buf10k_bs32,4,186,2114.0,8.0,11.1
base_dqn_64x64_buf10k_bs32,4,187,2125.0,11.0,11.1
base_dqn_64x64_buf10k_bs32,4,188,2134.0,9.0,11.1
base_dqn_64x64_buf10k_bs32,4,189,2143.0,9.0,11.1
base_dqn_64x64_buf10k_bs32,4,190,2160.0,17.0,11.9
base_dqn_64x64_buf10k_bs32,4,191,2168.0,8.0,11.8
base_dqn_64x64_buf10k_bs32,4,192,2183.0,15.0,10.6
base_dqn_64x64_buf10k_bs32,4,193,2194.0,11.0,10.7
base_dqn_64x64_buf10k_bs32,4,194,2203.0,9.0,10.6
base_dqn_64x64_buf10k_bs32,4,195,2214.0,11.0,10.8
base_dqn_64x64_buf10k_bs32,4,196,2224.0,10.0,11.0
base_dqn_64x64_buf10k_bs32,4,197,2233.0,9.0,10.8
base_dqn_64x64_buf10k_bs32,4,198,2247.0,14.0,11.3
base_dqn_64x64_buf10k_bs32,4,199,2259.0,12.0,11.6
base_dqn_64x64_buf10k_bs32,4,200,2315.0,56.0,15.5
base_dqn_64x64_buf10k_bs32,4,201,2324.0,9.0,15.6
base_dqn_64x64_buf10k_bs32,4,202,2334.0,10.0,15.1
base_dqn_64x64_buf10k_bs32,4,203,2350.0,16.0,15.6
base_dqn_64x64_buf10k_bs32,4,204,2361.0,11.0,15.8
base_dqn_64x64_buf10k_bs32,4,205,2377.0,16.0,16.3
base_dqn_64x64_buf10k_bs32,4,206,2387.0,10.0,16.3
base_dqn_64x64_buf10k_bs32,4,207,2407.0,20.0,17.4
base_dqn_64x64_buf10k_bs32,4,208,2418.0,11.0,17.1
base_dqn_64x64_buf10k_bs32,4,209,2428.0,10.0,16.9
base_dqn_64x64_buf10k_bs32,4,210,2438.0,10.0,12.3
base_dqn_64x64_buf10k_bs32,4,211,2449.0,11.0,12.5
base_dqn_64x64_buf10k_bs32,4,212,2461.0,12.0,12.7
base_dqn_64x64_buf10k_bs32,4,213,2472.0,11.0,12.2
base_dqn_64x64_buf10k_bs32,4,214,2483.0,11.0,12.2
base_dqn_64x64_buf10k_bs32,4,215,2496.0,13.0,11.9
base_dqn_64x64_buf10k_bs32,4,216,2505.0,9.0,11.8
base_dqn_64x64_buf10k_bs32,4,217,2520.0,15.0,11.3
base_dqn_64x64_buf10k_bs32,4,218,2534.0,14.0,11.6
base_dqn_64x64_buf10k_bs32,4,219,2546.0,12.0,11.8
base_dqn_64x64_buf10k_bs32,4,220,2569.0,23.0,13.1
base_dqn_64x64_buf10k_bs32,4,221,2589.0,20.0,14.0
base_dqn_64x64_buf10k_bs32,4,222,2598.0,9.0,13.7
base_dqn_64x64_buf10k_bs32,4,223,2608.0,10.0,13.6
base_dqn_64x64_buf10k_bs32,4,224,2618.0,10.0,13.5
base_dqn_64x64_buf10k_bs32,4,225,2666.0,48.0,17.0
base_dqn_64x64_buf10k_bs32,4,226,2692.0,26.0,18.7
base_dqn_64x64_buf10k_bs32,4,227,2703.0,11.0,18.3
base_dqn_64x64_buf10k_bs32,4,228,2728.0,25.0,19.4
base_dqn_64x64_buf10k_bs32,4,229,2740.0,12.0,19.4
base_dqn_64x64_buf10k_bs32,4,230,2760.0,20.0,19.1
base_dqn_64x64_buf10k_bs32,4,231,2772.0,12.0,18.3
base_dqn_64x64_buf10k_bs32,4,232,2783.0,11.0,18.5
base_dqn_64x64_buf10k_bs32,4,233,2837.0,54.0,22.9
base_dqn_64x64_buf10k_bs32,4,234,2849.0,12.0,23.1
base_dqn_64x64_buf10k_bs32,4,235,2907.0,58.0,24.1
base_dqn_64x64_buf10k_bs32,4,236,2916.0,9.0,22.4
base_dqn_64x64_buf10k_bs32,4,237,2945.0,29.0,24.2
base_dqn_64x64_buf10k_bs32,4,238,2956.0,11.0,22.8
base_dqn_64x64_buf10k_bs32,4,239,3009.0,53.0,26.9
base_dqn_64x64_buf10k_bs32,4,240,3042.0,33.0,28.2
base_dqn_64x64_buf10k_bs32,4,241,3051.0,9.0,27.9
base_dqn_64x64_buf10k_bs32,4,242,3064.0,13.0,28.1
base_dqn_64x64_buf10k_bs32,4,243,3075.0,11.0,23.8
base_dqn_64x64_buf10k_bs32,4,244,3084.0,9.0,23.5
base_dqn_64x64_buf10k_bs32,4,245,3095.0,11.0,18.8
base_dqn_64x64_buf10k_bs32,4,246,3104.0,9.0,18.8
base_dqn_64x64_buf10k_bs32,4,247,3115.0,11.0,17.0
base_dqn_64x64_buf10k_bs32,4,248,3149.0,34.0,19.3
base_dqn_64x64_buf10k_bs32,4,249,3159.0,10.0,15.0
base_dqn_64x64_buf10k_bs32,4,250,3170.0,11.0,12.8
base_dqn_64x64_buf10k_bs32,4,251,3190.0,20.0,13.9
base_dqn_64x64_buf10k_bs32,4,252,3202.0,12.0,13.8
base_dqn_64x64_buf10k_bs32,4,253,3231.0,29.0,15.6
base_dqn_64x64_buf10k_bs32,4,254,3241.0,10.0,15.7
base_dqn_64x64_buf10k_bs32,4,255,3250.0,9.0,15.5
base_dqn_64x64_buf10k_bs32,4,256,3275.0,25.0,17.1
base_dqn_64x64_buf10k_bs32,4,257,3317.0,42.0,20.2
base_dqn_64x64_buf10k_bs32,4,258,3360.0,43.0,21.1
base_dqn_64x64_buf10k_bs32,4,259,3382.0,22.0,22.3
base_dqn_64x64_buf10k_bs32,4,260,3397.0,15.0,22.7
base_dqn_64x64_buf10k_bs32,4,261,3419.0,22.0,22.9
base_dqn_64x64_buf10k_bs32,4,262,3775.0,356.0,57.3
base_dqn_64x64_buf10k_bs32,4,263,3799.0,24.0,56.8
base_dqn_64x64_buf10k_bs32,4,264,3813.0,14.0,57.2
base_dqn_64x64_buf10k_bs32,4,265,3907.0,94.0,65.7
base_dqn_64x64_buf10k_bs32,4,266,4063.0,156.0,78.8
base_dqn_64x64_buf10k_bs32,4,267,4283.0,220.0,96.6
base_dqn_64x64_buf10k_bs32,4,268,4314.0,31.0,95.4
base_dqn_64x64_buf10k_bs32,4,269,4346.0,32.0,96.4
base_dqn_64x64_buf10k_bs32,4,270,4501.0,155.0,110.4
base_dqn_64x64_buf10k_bs32,4,271,4570.0,69.0,115.1
base_dqn_64x64_buf10k_bs32,4,272,4682.0,112.0,90.7
base_dqn_64x64_buf10k_bs32,4,273,4770.0,88.0,97.1
base_dqn_64x64_buf10k_bs32,4,274,4877.0,107.0,106.4
base_dqn_64x64_buf10k_bs32,4,275,4952.0,75.0,104.5
base_dqn_64x64_buf10k_bs32,4,276,5036.0,84.0,97.3
base_dqn_64x64_buf10k_bs32,4,277,5090.0,54.0,80.7
base_dqn_64x64_buf10k_bs32,4,278,5193.0,103.0,87.9
base_dqn_64x64_buf10k_bs32,4,279,5277.0,84.0,93.1
base_dqn_64x64_buf10k_bs32,4,280,5426.0,149.0,92.5
base_dqn_64x64_buf10k_bs32,4,281,5563.0,137.0,99.3
base_dqn_64x64_buf10k_bs32,4,282,5788.0,225.0,110.6
base_dqn_64x64_buf10k_bs32,4,283,5931.0,143.0,116.1
base_dqn_64x64_buf10k_bs32,4,284,6152.0,221.0,127.5
base_dqn_64x64_buf10k_bs32,4,285,6269.0,117.0,131.7
base_dqn_64x64_buf10k_bs32,4,286,6483.0,214.0,144.7
base_dqn_64x64_buf10k_bs32,4,287,6703.0,220.0,161.3
base_dqn_64x64_buf10k_bs32,4,288,6832.0,129.0,163.9
base_dqn_64x64_buf10k_bs32,4,289,7087.0,255.0,181.0
base_dqn_64x64_buf10k_bs32,4,290,7331.0,244.0,190.5
base_dqn_64x64_buf10k_bs32,4,291,7522.0,191.0,195.9
base_dqn_64x64_buf10k_bs32,4,292,7726.0,204.0,193.8
base_dqn_64x64_buf10k_bs32,4,293,7877.0,151.0,194.6
base_dqn_64x64_buf10k_bs32,4,294,8046.0,169.0,189.4
base_dqn_64x64_buf10k_bs32,4,295,8190.0,144.0,192.1
base_dqn_64x64_buf10k_bs32,4,296,8463.0,273.0,198.0
base_dqn_64x64_buf10k_bs32,4,297,8666.0,203.0,196.3
base_dqn_64x64_buf10k_bs32,4,298,8947.0,281.0,211.5
base_dqn_64x64_buf10k_bs32,4,299,9208.0,261.0,212.1
base_dqn_64x64_buf10k_bs32,4,300,9389.0,181.0,205.8
base_dqn_64x64_buf10k_bs32,4,301,9556.0,167.0,203.4
base_dqn_64x64_buf10k_bs32,4,302,9826.0,270.0,210.0
base_dqn_64x64_buf10k_bs32,4,303,10100.0,274.0,222.3
base_dqn_64x64_buf10k_bs32,4,304,10309.0,209.0,226.3
base_dqn_64x64_buf10k_bs32,4,305,10527.0,218.0,233.7
base_dqn_64x64_buf10k_bs32,4,306,10686.0,159.0,222.3
base_dqn_64x64_buf10k_bs32,4,307,10876.0,190.0,221.0
base_dqn_64x64_buf10k_bs32,4,308,11042.0,166.0,209.5
base_dqn_64x64_buf10k_bs32,4,309,11231.0,189.0,202.3
base_dqn_64x64_buf10k_bs32,4,310,11422.0,191.0,203.3
base_dqn_64x64_buf10k_bs32,4,311,11601.0,179.0,204.5
base_dqn_64x64_buf10k_bs32,4,312,11813.0,212.0,198.7
base_dqn_64x64_buf10k_bs32,4,313,11991.0,178.0,189.1
base_dqn_64x64_buf10k_bs32,4,314,12174.0,183.0,186.5
base_dqn_64x64_buf10k_bs32,4,315,12389.0,215.0,186.2
base_dqn_64x64_buf10k_bs32,4,316,12576.0,187.0,189.0
base_dqn_64x64_buf10k_bs32,4,317,12762.0,186.0,188.6
base_dqn_64x64_buf10k_bs32,4,318,12945.0,183.0,190.3
base_dqn_64x64_buf10k_bs32,4,319,13130.0,185.0,189.9
base_dqn_64x64_buf10k_bs32,4,320,13374.0,244.0,195.2
base_dqn_64x64_buf10k_bs32,4,321,13592.0,218.0,199.1
base_dqn_64x64_buf10k_bs32,4,322,13788.0,196.0,197.5
base_dqn_64x64_buf10k_bs32,4,323,14037.0,249.0,204.6
base_dqn_64x64_buf10k_bs32,4,324,14332.0,295.0,215.8
base_dqn_64x64_buf10k_bs32,4,325,14555.0,223.0,216.6
base_dqn_64x64_buf10k_bs32,4,326,14754.0,199.0,217.8
base_dqn_64x64_buf10k_bs32,4,327,14925.0,171.0,216.3
base_dqn_64x64_buf10k_bs32,4,328,15099.0,174.0,215.4
base_dqn_64x64_buf10k_bs32,4,329,15281.0,182.0,215.1
base_dqn_64x64_buf10k_bs32,4,330,15460.0,179.0,208.6
base_dqn_64x64_buf10k_bs32,4,331,15636.0,176.0,204.4
base_dqn_64x64_buf10k_bs32,4,332,15832.0,196.0,204.4
base_dqn_64x64_buf10k_bs32,4,333,16027.0,195.0,199.0
base_dqn_64x64_buf10k_bs32,4,334,16227.0,200.0,189.5
base_dqn_64x64_buf10k_bs32,4,335,16405.0,178.0,185.0
base_dqn_64x64_buf10k_bs32,4,336,16612.0,207.0,185.8
base_dqn_64x64_buf10k_bs32,4,337,16837.0,225.0,191.2
base_dqn_64x64_buf10k_bs32,4,338,17086.0,249.0,198.7
base_dqn_64x64_buf10k_bs32,4,339,17326.0,240.0,204.5
base_dqn_64x64_buf10k_bs32,4,340,17506.0,180.0,204.6
base_dqn_64x64_buf10k_bs32,4,341,17796.0,290.0,216.0
base_dqn_64x64_buf10k_bs32,4,342,18041.0,245.0,220.9
base_dqn_64x64_buf10k_bs32,4,343,18221.0,180.0,219.4
base_dqn_64x64_buf10k_bs32,4,344,18389.0,168.0,216.2
base_dqn_64x64_buf10k_bs32,4,345,18611.0,222.0,220.6
base_dqn_64x64_buf10k_bs32,4,346,18792.0,181.0,218.0
base_dqn_64x64_buf10k_bs32,4,347,18971.0,179.0,213.4
base_dqn_64x64_buf10k_bs32,4,348,19158.0,187.0,207.2
base_dqn_64x64_buf10k_bs32,4,349,19397.0,239.0,207.1
base_dqn_64x64_buf10k_bs32,4,350,19596.0,199.0,209.0
base_dqn_64x64_buf10k_bs32,4,351,19857.0,261.0,206.1
